metric,n,method,group,n_datasets,mean_before,mean_after,mean_delta,median_delta,win_rate
CDE_loss,500,BART-Hetero,baseline,39,-13.028678707742568,-15.591797203717002,-2.563118495974435,-0.017813072945168824,0.8974358974358975
CDE_loss,500,BART-Homo,baseline,39,-12.788618970104357,-23.325265275288405,-10.536646305184046,-0.0020132686137425146,0.8461538461538461
CDE_loss,500,CatMLP,baseline,39,-103.79138155047926,-89.40533060136887,14.386050949110398,0.002848504412691414,0.2564102564102564
CDE_loss,500,FlexCode-RF,baseline,39,-44.73543326306875,-50.70425779934038,-5.968824536271626,-0.0006728331583985003,0.7692307692307693
CDE_loss,500,Flow-Spline,baseline,39,-45.15473373791326,-43.65345403113614,1.5012797067771178,4.652489027702706e-05,0.38461538461538464
CDE_loss,500,Gamma-GLM,baseline,37,-51.37452693089113,-49.92619762868062,1.448329302210509,-3.3284856960699473e-07,0.5405405405405406
CDE_loss,500,Gamma-GLM-Ridge,baseline,39,-41.2766898195605,-41.30964485733022,-0.032955037769721314,1.063972482583312e-07,0.46153846153846156
CDE_loss,500,LinGauss-Hetero-Ridge,baseline,39,-39.14511491021743,-20.551846670148986,18.59326824006845,0.00022274559000742822,0.41025641025641024
CDE_loss,500,LinGauss-Homo-Ridge,baseline,39,-52.597233165949405,-52.011256874159386,0.5859762917900202,-4.706909938714479e-06,0.5641025641025641
CDE_loss,500,LinearGauss-Hetero,baseline,37,-41.76388274486996,-38.14289666476072,3.6209860801092413,2.4925056218143445e-06,0.3783783783783784
CDE_loss,500,LinearGauss-Homo,baseline,37,-52.26850365231732,-51.26388424561275,1.004619406704572,-4.54119418681743e-06,0.5405405405405406
CDE_loss,500,LogNormal-Hetero,baseline,37,-56.723583372551595,-51.39684838483912,5.3267349877124754,0.00033496734009853726,0.2972972972972973
CDE_loss,500,LogNormal-Hetero-Ridge,baseline,39,-55.946187173676336,-53.8126599910352,2.1335271826411466,1.3809395018107284e-05,0.41025641025641024
CDE_loss,500,LogNormal-Homo,baseline,37,-51.556159938340826,-50.05685594566865,1.499303992672175,4.1129880623098323e-07,0.4594594594594595
CDE_loss,500,LogNormal-Homo-Ridge,baseline,39,-51.70872784188245,-50.80813788006427,0.9005899618181806,2.483687665124791e-07,0.48717948717948717
CDE_loss,500,MDN,baseline,39,-53.15807017965761,-49.41939117923073,3.7386790004268797,6.517654453087407e-05,0.3333333333333333
CDE_loss,500,Quantile-Tree,baseline,39,-50.37147263066476,-45.96261112512221,4.408861505542556,2.3471936564043346e-07,0.48717948717948717
CDE_loss,500,Student-t,baseline,37,-52.81553079058669,-51.610388138945225,1.2051426516414645,3.5203043646417517e-07,0.40540540540540543
CDE_loss,500,Student-t-Ridge,baseline,39,-53.33789785037005,-51.928084066705765,1.409813783664278,1.9547912808138505e-06,0.4358974358974359
CDE_loss,500,RealTabPFN-2.5,foundation,39,-218.37122340924748,-214.49495011424332,3.876273295004156,0.001827609197305867,0.23076923076923078
CDE_loss,500,TabICL-Quantiles,foundation,39,-97.99054996185599,-97.05243605527842,0.9381139065775693,0.0021354022857588695,0.2564102564102564
CDE_loss,500,TabPFN-2.5,foundation,39,-237.4324004492718,-238.3230023228668,-0.8906018735949909,0.002761547918084084,0.28205128205128205
CDE_loss,1000,BART-Hetero,baseline,39,6.89560064275752,-13.019439740631507,-19.915040383389027,-0.018632731831233283,1.0
CDE_loss,1000,BART-Homo,baseline,39,-11.17325889054499,-23.009812204772864,-11.836553314227872,-0.002616565428032515,0.8717948717948718
CDE_loss,1000,CatMLP,baseline,39,-96.7270799270177,-93.28968447628952,3.4373954507281734,1.04106885893962e-05,0.38461538461538464
CDE_loss,1000,FlexCode-RF,baseline,39,-48.71396602207313,-52.226676184405626,-3.5127101623324983,-0.02275180482381016,0.9487179487179487
CDE_loss,1000,Flow-Spline,baseline,39,-45.0385555692723,-47.28611069766476,-2.247555128392458,-0.0006091047360514273,0.6923076923076923
CDE_loss,1000,Gamma-GLM,baseline,39,-51.24460799866665,-50.471776582212044,0.772831416454606,-3.486416728107805e-06,0.5897435897435898
CDE_loss,1000,Gamma-GLM-Ridge,baseline,39,-39.99888521310207,-39.832831835648264,0.16605337745381213,-0.0033196970418804955,0.6923076923076923
CDE_loss,1000,LinGauss-Hetero-Ridge,baseline,39,-56.20588365404201,-54.55465786198296,1.6512257920590458,-2.7529782316708654e-07,0.5128205128205128
CDE_loss,1000,LinGauss-Homo-Ridge,baseline,39,-52.81701212823815,-51.89497113646496,0.9220409917731939,-0.0006531913683658699,0.7692307692307693
CDE_loss,1000,LinearGauss-Hetero,baseline,39,-49.278501352213176,-55.50746909707626,-6.2289677448630885,-6.490846995349427e-07,0.5641025641025641
CDE_loss,1000,LinearGauss-Homo,baseline,39,-52.243537342267636,-51.38900396168089,0.8545333805867398,-0.0005820124761292101,0.717948717948718
CDE_loss,1000,LogNormal-Hetero,baseline,39,-41.0148734880017,-50.67573423473029,-9.660860746728593,-8.223972926358104e-05,0.5897435897435898
CDE_loss,1000,LogNormal-Hetero-Ridge,baseline,39,-43.77614515642649,-50.59535253858328,-6.8192073821567964,-1.3204595668593245e-05,0.5897435897435898
CDE_loss,1000,LogNormal-Homo,baseline,39,-51.41577595030236,-50.5294384717658,0.8863374785365576,-6.950245718855486e-06,0.6153846153846154
CDE_loss,1000,LogNormal-Homo-Ridge,baseline,39,-51.97269549193173,-51.34711460196902,0.6255808899627029,-7.197362913671038e-06,0.6153846153846154
CDE_loss,1000,MDN,baseline,39,-59.31796811465909,-56.67149902410556,2.646469090553536,0.0009057836618553868,0.3076923076923077
CDE_loss,1000,Quantile-Tree,baseline,39,-49.372323992709084,-47.16558271244703,2.206741280262049,2.8208220822034383e-07,0.4358974358974359
CDE_loss,1000,Student-t,baseline,39,-53.02787296932664,-50.77679210816308,2.251080861163563,-1.1011345007625784e-07,0.5128205128205128
CDE_loss,1000,Student-t-Ridge,baseline,39,-53.68181989566116,-51.34436270267556,2.3374571929855934,-5.721941136515012e-06,0.6410256410256411
CDE_loss,1000,RealTabPFN-2.5,foundation,39,-228.06434524503223,-226.24612206673643,1.8182231782958074,0.0008316535163265283,0.23076923076923078
CDE_loss,1000,TabICL-Quantiles,foundation,39,-115.02184730124223,-115.54547972027879,-0.5236324190365779,0.00021876023918598886,0.3076923076923077
CDE_loss,1000,TabPFN-2.5,foundation,39,-240.47568941765329,-235.75066448299856,4.72502493465477,0.002406778224847486,0.23076923076923078
CDE_loss,5000,BART-Hetero,baseline,34,-27.711189571872318,-33.88254503413091,-6.1713554622585844,-0.02215602441835618,0.9117647058823529
CDE_loss,5000,BART-Homo,baseline,34,-12.77956169983568,-25.907175083711284,-13.127613383875604,-0.004710445474305783,0.8823529411764706
CDE_loss,5000,CatMLP,baseline,34,-152.8508581570496,-152.24949822971777,0.6013599273318313,2.644537273927268e-06,0.38235294117647056
CDE_loss,5000,FlexCode-RF,baseline,34,-61.798620501482965,-67.76934594388352,-5.970725442400554,-0.016448609695381936,0.9117647058823529
CDE_loss,5000,Flow-Spline,baseline,34,-67.96630169556414,-68.17904380559952,-0.2127421100353815,1.2690550007987297e-06,0.47058823529411764
CDE_loss,5000,Gamma-GLM,baseline,34,-56.629261157256295,-57.11233627415592,-0.4830751168996242,-0.0043832001459004725,0.7352941176470589
CDE_loss,5000,Gamma-GLM-Ridge,baseline,34,-43.85707109066548,-46.645829774435505,-2.7887586837700242,-0.01022846034920287,0.8235294117647058
CDE_loss,5000,LinGauss-Hetero-Ridge,baseline,34,-55.65789667225671,-64.4747068702203,-8.81681019796359,-0.0002531768362471708,0.7058823529411765
CDE_loss,5000,LinGauss-Homo-Ridge,baseline,34,-57.87416370401697,-57.75551058139368,0.11865312262329354,-0.000964240186582987,0.7647058823529411
CDE_loss,5000,LinearGauss-Hetero,baseline,34,-62.16110242394455,-63.76123640179773,-1.6001339778531931,-5.2456675973272895e-05,0.7058823529411765
CDE_loss,5000,LinearGauss-Homo,baseline,34,-57.74341700011866,-57.972749407432296,-0.22933240731363103,-0.0007781302148978913,0.7941176470588235
CDE_loss,5000,LogNormal-Hetero,baseline,34,-42.714296485305866,-58.89430196211489,-16.18000547680902,-0.0012831511322529202,0.7058823529411765
CDE_loss,5000,LogNormal-Hetero-Ridge,baseline,34,-43.450036052934905,-59.33808965914182,-15.888053606206919,-0.0018294266319974321,0.7058823529411765
CDE_loss,5000,LogNormal-Homo,baseline,34,-56.763547292879544,-57.21193368952426,-0.4483863966447099,-0.004332418341558959,0.7352941176470589
CDE_loss,5000,LogNormal-Homo-Ridge,baseline,34,-56.91398342912023,-56.9695362641674,-0.0555528350471708,-0.0006678196735971711,0.6764705882352942
CDE_loss,5000,MDN,baseline,34,-69.15531346277591,-67.46646225845882,1.6888512043170758,0.0010845659109943867,0.23529411764705882
CDE_loss,5000,Quantile-Tree,baseline,34,-63.23987449406638,-61.8435941556279,1.396280338438471,1.330359868433864e-05,0.29411764705882354
CDE_loss,5000,Student-t,baseline,34,-58.80082899214775,-57.395116821345994,1.4057121708017513,-1.989446544973878e-06,0.5588235294117647
CDE_loss,5000,Student-t-Ridge,baseline,34,-58.91496281914315,-57.675265483135846,1.2396973360073051,-6.5114259993508665e-06,0.5882352941176471
CDE_loss,5000,RealTabPFN-2.5,foundation,34,-281.96340272754844,-276.4123402802932,5.5510624472552275,0.001826279656707612,0.14705882352941177
CDE_loss,5000,TabICL-Quantiles,foundation,34,-136.77475597065256,-137.8464179076653,-1.0716619370127507,1.820781765448085e-06,0.38235294117647056
CDE_loss,5000,TabPFN-2.5,foundation,34,-281.2181600086457,-271.32632960090115,9.891830407744601,0.002326357836507975,0.14705882352941177
CDE_loss,10000,BART-Homo,baseline,25,-13.914273601180884,-36.227276267295345,-22.31300266611446,-0.004474688799413318,1.0
CDE_loss,10000,CatMLP,baseline,25,-185.92507979110425,-187.93099448396018,-2.0059146928559226,-9.887700717723952e-06,0.64
CDE_loss,10000,FlexCode-RF,baseline,25,-86.3609895043665,-95.31558594044567,-8.954596436079168,-0.013058000605890276,1.0
CDE_loss,10000,Flow-Spline,baseline,25,-97.53818773827771,-97.86453392339908,-0.32634618512134866,2.036006998996508e-06,0.36
CDE_loss,10000,Gamma-GLM,baseline,25,-76.99156446153921,-78.8434470579194,-1.8518825963801901,-8.045280344443646e-05,0.68
CDE_loss,10000,Gamma-GLM-Ridge,baseline,25,-59.27651847424457,-64.18253480576763,-4.90601633152307,-0.0004576140825843268,0.8
CDE_loss,10000,LinGauss-Hetero-Ridge,baseline,25,-75.88360101804767,-89.12305104525493,-13.23945002720724,-0.00013278402608043707,0.64
CDE_loss,10000,LinGauss-Homo-Ridge,baseline,25,-78.64686250523181,-80.29460171036773,-1.6477392051359314,-0.0014482326386702458,0.88
CDE_loss,10000,LinearGauss-Hetero,baseline,25,-68.2456722683956,-87.48548183073339,-19.23980956233779,-9.291120769083544e-05,0.76
CDE_loss,10000,LinearGauss-Homo,baseline,25,-78.55010009424407,-79.91011665356635,-1.3600165593222737,-0.0013929746371795677,0.88
CDE_loss,10000,LogNormal-Hetero,baseline,25,-66.70040400377222,-85.61406891574879,-18.91366491197658,-1.839318309382657e-05,0.68
CDE_loss,10000,LogNormal-Hetero-Ridge,baseline,25,-60.704381138021446,-81.39474204920135,-20.690360911179916,-0.00010782737347257362,0.72
CDE_loss,10000,LogNormal-Homo,baseline,25,-77.25634884637819,-78.95416543907945,-1.6978165927012676,-1.9816007174497753e-05,0.72
CDE_loss,10000,LogNormal-Homo-Ridge,baseline,25,-77.37157998018786,-78.96722212706518,-1.595642146877321,-2.0069249578532836e-05,0.72
CDE_loss,10000,MDN,baseline,25,-98.57692257963454,-97.9423022322666,0.6346203473679343,6.130793511261531e-07,0.4
CDE_loss,10000,Student-t,baseline,25,-80.61400277791385,-79.5923008655501,1.0217019123637565,-2.012734008273616e-05,0.68
CDE_loss,10000,Student-t-Ridge,baseline,25,-80.77309698447745,-79.8836556498643,0.8894413346131631,-1.2684022097903642e-05,0.64
CDE_loss,10000,RealTabPFN-2.5,foundation,25,-361.7866971038303,-352.4863902884641,9.300306815366245,0.00043661530088080075,0.2
CDE_loss,10000,TabICL-Quantiles,foundation,25,-189.71205628502182,-191.44107373444706,-1.7290174494252246,1.48709316615429e-07,0.44
CDE_loss,10000,TabPFN-2.5,foundation,25,-344.1110887832234,-331.9689722190768,12.142116564146566,0.00020188892839053752,0.24
CDE_loss,20000,BART-Homo,baseline,16,-0.4128994269820417,-0.4684140923207943,-0.05551466533875261,-0.005282654049405661,1.0
CDE_loss,20000,CatMLP,baseline,16,-0.6661763773792458,-0.6765677159402561,-0.010391338561010115,-2.4990122434562397e-05,0.75
CDE_loss,20000,FlexCode-RF,baseline,16,-0.47742626734712407,-0.5282193394198387,-0.05079307207271463,-0.006437368192136731,1.0
CDE_loss,20000,Flow-Spline,baseline,16,-0.6919690362381216,-0.6827524525732572,0.00921658366486444,1.3027701990258866e-05,0.1875
CDE_loss,20000,Gamma-GLM,baseline,16,-0.2740061423720856,-0.27379475794881325,0.00021138442327236487,-8.74031310716922e-06,0.625
CDE_loss,20000,Gamma-GLM-Ridge,baseline,16,-0.21775831533569512,-0.21693394300145477,0.0008243723342403304,-6.2639472734231626e-06,0.6875
CDE_loss,20000,LinGauss-Hetero-Ridge,baseline,16,-0.3744768895810555,-0.37980614620360653,-0.0053292566225509675,-4.3821103567712335e-06,0.6875
CDE_loss,20000,LinGauss-Homo-Ridge,baseline,16,-0.3029508891234791,-0.3362687221123598,-0.033317832988880684,-0.000789410257389988,0.875
CDE_loss,20000,LinearGauss-Hetero,baseline,16,-0.37243644827147887,-0.37841352219834196,-0.00597707392686307,-7.982202157158415e-06,0.625
CDE_loss,20000,LinearGauss-Homo,baseline,16,-0.3030685710959405,-0.3360502052250452,-0.03298163412910472,-0.0008145266469161325,0.875
CDE_loss,20000,LogNormal-Hetero,baseline,16,-0.29035439696594306,-0.2935622450752748,-0.0032078481093317356,-1.5075214864634677e-05,0.6875
CDE_loss,20000,LogNormal-Hetero-Ridge,baseline,16,-0.29037978941331893,-0.2936495575543989,-0.003269768141079982,-1.5102134650254704e-05,0.6875
CDE_loss,20000,LogNormal-Homo,baseline,16,-0.2746786338389461,-0.27688168232934396,-0.0022030484903978412,-5.454204486613504e-05,0.75
CDE_loss,20000,LogNormal-Homo-Ridge,baseline,16,-0.27469648906625044,-0.27689795076458434,-0.0022014616983339237,-3.355939008544837e-05,0.75
CDE_loss,20000,MDN,baseline,16,-0.6730933022673308,-0.6648776096881943,0.008215692579136392,1.0190746096200523e-05,0.1875
CDE_loss,20000,Student-t,baseline,16,-0.3281833894937417,-0.32852555683370155,-0.00034216733995984363,-2.0045876835324036e-05,0.75
CDE_loss,20000,Student-t-Ridge,baseline,16,-0.3282496514673534,-0.32828270523465725,-3.30537673038265e-05,-7.981259801308464e-06,0.6875
CDE_loss,20000,RealTabPFN-2.5,foundation,15,-0.8375241100538658,-0.8282962305376729,0.0092278795161929,4.2160742749852795e-06,0.26666666666666666
CDE_loss,20000,TabICL-Quantiles,foundation,16,-0.8538302890809775,-0.85682622213357,-0.0029959330525926,-1.8489320747725667e-05,0.625
CDE_loss,20000,TabPFN-2.5,foundation,15,-0.8451609159718327,-0.8345145824957673,0.010646333476065445,2.716485129691199e-06,0.26666666666666666
CRPS,500,BART-Hetero,baseline,39,8170.239437762175,5369.145875032,-2801.0935627301756,-1.747767510047706,0.9743589743589743
CRPS,500,BART-Homo,baseline,39,9694.049449880064,8726.735344827082,-967.3141050529824,-0.4284122044893568,0.8461538461538461
CRPS,500,CatMLP,baseline,39,6107.444072047882,5779.498891437173,-327.9451806107093,9.672505753388454e-06,0.46153846153846156
CRPS,500,FlexCode-RF,baseline,39,5545.8008184412365,4637.153317361995,-908.6475010792419,-0.12274163847498709,0.8205128205128205
CRPS,500,Flow-Spline,baseline,39,3909.772241854543,3907.582712581636,-2.1895292729074485,3.8688467255505385e-05,0.46153846153846156
CRPS,500,Gamma-GLM,baseline,37,4427.1855390164965,4253.669248430526,-173.5162905859703,-0.010523787453414979,0.6486486486486487
CRPS,500,Gamma-GLM-Ridge,baseline,39,5058.568838110015,5091.4914644188,32.92262630878511,-0.0001342254220279976,0.6153846153846154
CRPS,500,LinGauss-Hetero-Ridge,baseline,39,21086.661101041864,20495.908396284583,-590.752704757281,-0.003815060399833481,0.5897435897435898
CRPS,500,LinGauss-Homo-Ridge,baseline,39,14407.094703968996,14157.317091970908,-249.77761199809015,-0.004129443071533408,0.6153846153846154
CRPS,500,LinearGauss-Hetero,baseline,37,17936.181561713413,17660.254568516513,-275.9269931968981,-0.02885684585607673,0.6216216216216216
CRPS,500,LinearGauss-Homo,baseline,37,15385.375318591237,15134.781462290772,-250.59385630046515,-0.016886303974360084,0.6756756756756757
CRPS,500,LogNormal-Hetero,baseline,37,5217.484260268596,5203.349586842516,-14.13467342607898,-0.00048742047798826585,0.5135135135135135
CRPS,500,LogNormal-Hetero-Ridge,baseline,39,4547.404178303634,4598.3293927693385,50.92521446570497,7.816983482452169e-07,0.48717948717948717
CRPS,500,LogNormal-Homo,baseline,37,4222.002714486941,4230.038485404563,8.035770917621738,-0.00860540690681981,0.6756756756756757
CRPS,500,LogNormal-Homo-Ridge,baseline,39,3845.497798349495,3852.819920642426,7.322122292930729,-0.00821301348732617,0.6410256410256411
CRPS,500,MDN,baseline,39,4104.325082494905,4143.905359674278,39.58027717937413,2.4089080598933485e-05,0.4358974358974359
CRPS,500,Quantile-Tree,baseline,39,4067.263173339979,4140.093057320892,72.82988398091221,0.0007044588332245794,0.3076923076923077
CRPS,500,Student-t,baseline,37,15218.827530901848,15122.028743669296,-96.79878723254852,-0.009111421820085397,0.6216216216216216
CRPS,500,Student-t-Ridge,baseline,39,4517.319477519535,4410.4595391839,-106.85993833563566,-0.0015480183145955007,0.5641025641025641
CRPS,500,RealTabPFN-2.5,foundation,39,2702.487378663736,2704.671777884776,2.184399221040335,0.010311827563595943,0.28205128205128205
CRPS,500,TabICL-Quantiles,foundation,39,2796.522393495698,2813.389927437968,16.867533942270068,0.01501645768633142,0.15384615384615385
CRPS,500,TabPFN-2.5,foundation,39,2738.685389270732,2747.1257250978547,8.44033582712286,0.010000945804868433,0.3076923076923077
CRPS,1000,BART-Hetero,baseline,39,8504.266660120305,5172.873427353676,-3331.393232766631,-0.8051022527148533,0.9743589743589743
CRPS,1000,BART-Homo,baseline,39,10209.139383454587,8940.47946805118,-1268.6599154034072,-0.5499673071463747,0.8974358974358975
CRPS,1000,CatMLP,baseline,39,4471.77906914023,4350.7397222872305,-121.0393468529993,-0.00018223571641943354,0.6410256410256411
CRPS,1000,FlexCode-RF,baseline,39,5013.006913231121,4024.2302669311644,-988.7766462999559,-0.5762630307902477,0.9743589743589743
CRPS,1000,Flow-Spline,baseline,39,3535.8022065172972,3499.0768659883843,-36.7253405289127,-6.847588784688469e-06,0.5384615384615384
CRPS,1000,Gamma-GLM,baseline,39,3959.943236636027,3772.687948540006,-187.25528809602116,-0.03147984888914346,0.7692307692307693
CRPS,1000,Gamma-GLM-Ridge,baseline,39,5159.946268060613,5152.912326521456,-7.033941539156688,-0.10097619634735988,0.8205128205128205
CRPS,1000,LinGauss-Hetero-Ridge,baseline,39,21281.343224612156,20521.27308250476,-760.070142107396,-0.0034036012834307537,0.6923076923076923
CRPS,1000,LinGauss-Homo-Ridge,baseline,39,15703.836389854638,15230.856901959409,-472.9794878952292,-0.007189989562776056,0.7948717948717948
CRPS,1000,LinearGauss-Hetero,baseline,39,17129.696771544077,16841.40358167928,-288.2931898647972,-0.0016805229076775063,0.717948717948718
CRPS,1000,LinearGauss-Homo,baseline,39,15700.99482633775,15230.686074201669,-470.30875213608243,-0.006155923868902402,0.7948717948717948
CRPS,1000,LogNormal-Hetero,baseline,39,4194.136638831724,4217.646201551613,23.509562719888077,-0.0017474644850867804,0.6923076923076923
CRPS,1000,LogNormal-Hetero-Ridge,baseline,39,4225.895479683206,4252.311967280422,26.416487597216275,-0.0004376133291366102,0.6410256410256411
CRPS,1000,LogNormal-Homo,baseline,39,3807.3591794778754,3758.801352280999,-48.557827196876666,-0.04724275193261729,0.7692307692307693
CRPS,1000,LogNormal-Homo-Ridge,baseline,39,3808.1913474312773,3785.7493229736665,-22.442024457610998,-0.05515030322763437,0.7692307692307693
CRPS,1000,MDN,baseline,39,3447.220875343102,3425.000350901483,-22.22052444161834,6.196999747316856e-05,0.41025641025641024
CRPS,1000,Quantile-Tree,baseline,39,3524.0469114891484,3558.2687586702427,34.22184718109418,0.003052415434478206,0.20512820512820512
CRPS,1000,Student-t,baseline,39,15329.727005303459,15190.709606071463,-139.0173992319995,-0.0024393149300161454,0.6410256410256411
CRPS,1000,Student-t-Ridge,baseline,39,4283.926179799669,4125.732476731116,-158.19370306855248,-0.0025597863649962083,0.6666666666666666
CRPS,1000,RealTabPFN-2.5,foundation,39,2370.106425746253,2358.458038285986,-11.648387460267296,0.00014090224455798328,0.38461538461538464
CRPS,1000,TabICL-Quantiles,foundation,39,2438.7176167388857,2423.8830653884006,-14.834551350484839,6.530581113981665e-05,0.38461538461538464
CRPS,1000,TabPFN-2.5,foundation,39,2392.1664129340584,2380.004980750363,-12.16143218369533,0.00013647153720613807,0.38461538461538464
CRPS,5000,BART-Hetero,baseline,34,9019.879499646211,4866.882121340042,-4152.99737830617,-0.16241716144560958,0.9705882352941176
CRPS,5000,BART-Homo,baseline,34,10775.275987594046,9287.965017676152,-1487.3109699178963,-0.11596758492232984,0.9705882352941176
CRPS,5000,CatMLP,baseline,34,3317.3526467225174,3298.205926132216,-19.14672059030134,-6.485314174303237e-05,0.6176470588235294
CRPS,5000,FlexCode-RF,baseline,34,4958.292506317631,4007.588423706103,-950.7040826115275,-0.7412008705816462,0.9705882352941176
CRPS,5000,Flow-Spline,baseline,34,2782.823917685492,2764.0747242791563,-18.749193406335593,-0.0021502707803102566,0.7352941176470589
CRPS,5000,Gamma-GLM,baseline,34,4274.99214842896,4043.7806464165865,-231.2115020123743,-0.20895904552219036,0.9411764705882353
CRPS,5000,Gamma-GLM-Ridge,baseline,34,5967.749986652142,5953.88837487492,-13.861611777221272,-0.11100962392693192,0.8823529411764706
CRPS,5000,LinGauss-Hetero-Ridge,baseline,34,25028.87524965795,24126.84088972477,-902.0343599331809,-0.011064270688554645,0.7647058823529411
CRPS,5000,LinGauss-Homo-Ridge,baseline,34,19973.83958614887,19675.510805662834,-298.3287804860348,-0.018646475890913283,0.8235294117647058
CRPS,5000,LinearGauss-Hetero,baseline,34,20964.94249719197,20576.625335173252,-388.317162018713,-0.007114617920098709,0.7058823529411765
CRPS,5000,LinearGauss-Homo,baseline,34,19980.501482427153,19685.08982010066,-295.4116623264976,-0.01536353001900892,0.8235294117647058
CRPS,5000,LogNormal-Hetero,baseline,34,4073.4368006380205,4066.3009121374944,-7.135888500526415,-0.009943844952556957,0.7941176470588235
CRPS,5000,LogNormal-Hetero-Ridge,baseline,34,4069.430601152768,4056.1550056750875,-13.275595477679914,-0.06382975734861729,0.8823529411764706
CRPS,5000,LogNormal-Homo,baseline,34,4087.42532472169,4084.127424788366,-3.297899933323828,-0.12080477827566594,0.8823529411764706
CRPS,5000,LogNormal-Homo-Ridge,baseline,34,4093.3116016216836,4090.9299564219305,-2.3816451997526316,-0.11412337563408215,0.8529411764705882
CRPS,5000,MDN,baseline,34,2861.1180924784376,2847.90508155153,-13.213010926907154,0.00013821398459040388,0.3235294117647059
CRPS,5000,Quantile-Tree,baseline,34,3021.071711130131,3008.602262967311,-12.469448162819884,1.2697873266993322e-05,0.4411764705882353
CRPS,5000,Student-t,baseline,34,19461.33035030531,19350.665863408623,-110.66448689668547,-0.004218615343388743,0.7058823529411765
CRPS,5000,Student-t-Ridge,baseline,34,4776.662806652041,4665.73921539755,-110.92359125449059,-0.004163588746120883,0.7058823529411765
CRPS,5000,RealTabPFN-2.5,foundation,34,2187.736248552309,2181.6117848012464,-6.124463751063193,-1.7679063939003226e-06,0.5294117647058824
CRPS,5000,TabICL-Quantiles,foundation,34,2196.031656748568,2196.5661809257003,0.5345241771324635,0.002407288494892912,0.35294117647058826
CRPS,5000,TabPFN-2.5,foundation,34,2173.959384758332,2167.912685542133,-6.0466992161985775,1.793391305257748e-05,0.38235294117647056
CRPS,10000,BART-Homo,baseline,25,14632.556248334497,12375.34174832418,-2257.214500010318,-0.5252512311140691,1.0
CRPS,10000,CatMLP,baseline,25,4006.4658434895814,3972.21075680437,-34.25508668521222,-2.411127316786707e-05,0.6
CRPS,10000,FlexCode-RF,baseline,25,6906.517710924713,5237.442204021197,-1669.0755069035163,-1.5155520098868445,1.0
CRPS,10000,Flow-Spline,baseline,25,3757.0872510429153,3577.535095549521,-179.55215549339417,-0.011889869894426197,0.72
CRPS,10000,Gamma-GLM,baseline,25,5983.673846193068,5640.39189556154,-343.2819506315277,-0.44267991108625715,0.88
CRPS,10000,Gamma-GLM-Ridge,baseline,25,8038.178148573611,8043.847521233118,5.669372659505359,-0.1037631177495375,0.8
CRPS,10000,LinGauss-Hetero-Ridge,baseline,25,77776.51398152596,76472.23009144675,-1304.283890079212,-0.08547498780336094,0.84
CRPS,10000,LinGauss-Homo-Ridge,baseline,25,51494.63452209538,51107.48296162144,-387.1515604739375,-0.12081301909704756,0.88
CRPS,10000,LinearGauss-Hetero,baseline,25,71831.26721929574,71333.6166321554,-497.6505871403288,-0.08708495563840213,0.84
CRPS,10000,LinearGauss-Homo,baseline,25,51531.81934621219,51146.55314971544,-385.26619649675445,-0.12038181261438297,0.88
CRPS,10000,LogNormal-Hetero,baseline,25,5527.023420407714,5473.246651039115,-53.77676936859897,-0.07461666362096198,0.76
CRPS,10000,LogNormal-Hetero-Ridge,baseline,25,5530.681331557204,5488.0161915395465,-42.665140017657315,-0.07447013459392471,0.8
CRPS,10000,LogNormal-Homo,baseline,25,5625.11899482665,5613.3336354650455,-11.785359361604911,-0.2605174592308668,0.84
CRPS,10000,LogNormal-Homo-Ridge,baseline,25,5628.862251940174,5620.551447077509,-8.310804862664027,-0.2618945158668744,0.84
CRPS,10000,MDN,baseline,25,3775.7173267431144,3783.9411993519484,8.223872608834276,0.005449392685359378,0.4
CRPS,10000,Student-t,baseline,25,6493.282226061323,6385.614292023263,-107.66793403806078,-0.12078739103398917,0.72
CRPS,10000,Student-t-Ridge,baseline,25,6491.349489749588,6382.448753245561,-108.90073650402688,-0.12099229931513023,0.72
CRPS,10000,RealTabPFN-2.5,foundation,25,5372.518209103416,5114.5370376450755,-257.98117145834,-4.2996268414868463e-07,0.52
CRPS,10000,TabICL-Quantiles,foundation,25,2791.83627854212,2792.810333505523,0.9740549634030781,3.245500529021426e-05,0.36
CRPS,10000,TabPFN-2.5,foundation,25,7488.302110932235,7135.3902217541845,-352.91188917805084,-1.6574526235291123e-07,0.52
CRPS,20000,BART-Homo,baseline,16,13692.275654819383,10967.365124543107,-2724.9105302762778,-15.99249240792748,1.0
CRPS,20000,CatMLP,baseline,16,3475.3522348216575,3455.172566043853,-20.179668777804757,-0.009305660542341804,0.75
CRPS,20000,FlexCode-RF,baseline,16,6209.402974528691,5592.206110112039,-617.1968644166514,-17.076059354596925,1.0
CRPS,20000,Flow-Spline,baseline,16,3275.515873965717,3248.287390540195,-27.228483425522164,-0.00867492032457065,0.6875
CRPS,20000,Gamma-GLM,baseline,16,5125.897854730774,4631.866899871763,-494.0309548590119,-1.0676421019306552,0.9375
CRPS,20000,Gamma-GLM-Ridge,baseline,16,7650.447553529043,7612.569219729599,-37.878333799445016,-1.0668324108403677,0.875
CRPS,20000,LinGauss-Hetero-Ridge,baseline,16,39905.103074268874,38981.51234199342,-923.5907322754488,-0.445702040003757,0.9375
CRPS,20000,LinGauss-Homo-Ridge,baseline,16,5065.578107890149,4720.654443797144,-344.9236640930048,-0.1966875123527867,0.875
CRPS,20000,LinearGauss-Hetero,baseline,16,36483.138920250385,36149.653023735205,-333.4858965151825,-0.1454306118049722,0.875
CRPS,20000,LinearGauss-Homo,baseline,16,5064.189522198515,4719.904102869323,-344.2854193291922,-0.19582838610822506,0.875
CRPS,20000,LogNormal-Hetero,baseline,16,4459.502466195491,4441.335894174149,-18.166572021341953,-0.12405321151550641,0.75
CRPS,20000,LogNormal-Hetero-Ridge,baseline,16,4460.75372290146,4443.725233500399,-17.02848940106119,-0.12214919759138443,0.75
CRPS,20000,LogNormal-Homo,baseline,16,4622.5439281156105,4600.62343896871,-21.920489146900188,-0.892891258242348,0.875
CRPS,20000,LogNormal-Homo-Ridge,baseline,16,4625.938241471317,4604.125775731066,-21.812465740251326,-0.8954125192131768,0.875
CRPS,20000,MDN,baseline,16,3387.7411032173936,3385.8494273863084,-1.8916758310851403,0.006218247543240185,0.375
CRPS,20000,Student-t,baseline,16,4931.2070518556675,4784.838596296912,-146.36845555875485,-0.14720341896082845,0.875
CRPS,20000,Student-t-Ridge,baseline,16,4931.872878278931,4784.6652757175925,-147.20760256133823,-0.14721601932385697,0.875
CRPS,20000,RealTabPFN-2.5,foundation,15,2798.812653898656,2777.0810246543615,-21.7316292442944,-0.0026206969977959904,0.5333333333333333
CRPS,20000,TabICL-Quantiles,foundation,16,2618.451468921697,2616.9248248831873,-1.526644038509658,0.004715528804589253,0.25
CRPS,20000,TabPFN-2.5,foundation,15,2776.947776779896,2754.81874502859,-22.12903175130618,2.1819957514816746e-06,0.4666666666666667
PIT_KS,500,BART-Hetero,baseline,39,0.34525837592681546,0.12645733170074416,-0.21880104422607127,-0.1808815200415438,1.0
PIT_KS,500,BART-Homo,baseline,39,0.25486971844831935,0.1051272486705595,-0.14974246977775982,-0.14126863454895688,0.9743589743589743
PIT_KS,500,CatMLP,baseline,39,0.12844027165927122,0.06405310565668362,-0.06438716600258758,-0.054940665300859615,1.0
PIT_KS,500,FlexCode-RF,baseline,39,0.174051583449653,0.06790042507115158,-0.10615115837850143,-0.11174002218160806,0.9743589743589743
PIT_KS,500,Flow-Spline,baseline,39,0.11558108218398025,0.055690737249391165,-0.059890344934589064,-0.04767897737845382,1.0
PIT_KS,500,Gamma-GLM,baseline,37,0.1756656800011323,0.08480846813996393,-0.09085721186116838,-0.06423076343711032,0.972972972972973
PIT_KS,500,Gamma-GLM-Ridge,baseline,39,0.1531640322167462,0.07395304719515258,-0.07921098502159363,-0.06555052187978871,0.9743589743589743
PIT_KS,500,LinGauss-Hetero-Ridge,baseline,39,0.22465264889321104,0.15606175418754753,-0.0685908947056635,-0.055490691100503864,0.9230769230769231
PIT_KS,500,LinGauss-Homo-Ridge,baseline,39,0.19568688694919967,0.09179608803848592,-0.10389079891071375,-0.08579466482802965,0.9230769230769231
PIT_KS,500,LinearGauss-Hetero,baseline,37,0.211677057780473,0.14366811205601693,-0.06800894572445607,-0.047522459175832366,0.918918918918919
PIT_KS,500,LinearGauss-Homo,baseline,37,0.20252504455393844,0.0926987626476913,-0.10982628190624716,-0.09402738772538542,0.8918918918918919
PIT_KS,500,LogNormal-Hetero,baseline,37,0.13721436651395913,0.08265856260562199,-0.054555803908337135,-0.04300120043231154,0.972972972972973
PIT_KS,500,LogNormal-Hetero-Ridge,baseline,39,0.15101895792173992,0.09038656654479657,-0.06063239137694335,-0.05242087998983726,1.0
PIT_KS,500,LogNormal-Homo,baseline,37,0.16077425050689267,0.07069393169247173,-0.09008031881442097,-0.06559191974738432,0.9459459459459459
PIT_KS,500,LogNormal-Homo-Ridge,baseline,39,0.15544829182970007,0.06887622521842268,-0.08657206661127737,-0.06956973979519021,1.0
PIT_KS,500,MDN,baseline,39,0.11574785945645676,0.06171325859793985,-0.054034600858516905,-0.04516992502221895,0.9743589743589743
PIT_KS,500,Quantile-Tree,baseline,39,0.1268641514794893,0.06899849902318302,-0.05786565245630627,-0.04996366430687948,0.9743589743589743
PIT_KS,500,Student-t,baseline,37,0.1791068093353517,0.08883702868730425,-0.09026978064804747,-0.09616748118753757,0.9459459459459459
PIT_KS,500,Student-t-Ridge,baseline,39,0.15615286221124292,0.07020132382578133,-0.08595153838546157,-0.08696409480060785,0.9743589743589743
PIT_KS,500,RealTabPFN-2.5,foundation,39,0.1169070404922043,0.07488405537800527,-0.042022985114199045,-0.03863116551187944,0.9487179487179487
PIT_KS,500,TabICL-Quantiles,foundation,39,0.10914034840074983,0.07503408244306173,-0.03410626595768812,-0.03416521472371836,0.8717948717948718
PIT_KS,500,TabPFN-2.5,foundation,39,0.11940900590482599,0.07586015604922008,-0.04354884985560591,-0.03447108920845393,0.9487179487179487
PIT_KS,1000,BART-Hetero,baseline,39,0.3592666212055426,0.1281184327266966,-0.23114818847884594,-0.22728683780565434,1.0
PIT_KS,1000,BART-Homo,baseline,39,0.26292995921380785,0.1127312698635901,-0.15019868935021774,-0.1202745132300897,1.0
PIT_KS,1000,CatMLP,baseline,39,0.10119359048866593,0.04720294075027652,-0.05399064973838941,-0.05076495105547041,0.9743589743589743
PIT_KS,1000,FlexCode-RF,baseline,39,0.1687784984399118,0.051157188255784365,-0.11762131018412744,-0.0886928200684432,0.9743589743589743
PIT_KS,1000,Flow-Spline,baseline,39,0.10080486576127735,0.04368339379421718,-0.05712147196706017,-0.05036149880821955,0.9743589743589743
PIT_KS,1000,Gamma-GLM,baseline,39,0.16336360102048766,0.06635050348551852,-0.09701309753496913,-0.07225917110559399,0.9743589743589743
PIT_KS,1000,Gamma-GLM-Ridge,baseline,39,0.15629973798172753,0.06427106677364064,-0.09202867120808689,-0.06925444092649448,0.9487179487179487
PIT_KS,1000,LinGauss-Hetero-Ridge,baseline,39,0.2130254371550337,0.15040073244630373,-0.06262470470872995,-0.04445173629978605,0.9487179487179487
PIT_KS,1000,LinGauss-Homo-Ridge,baseline,39,0.18346140627601998,0.08476574002291963,-0.09869566625310035,-0.06410788938152168,0.9230769230769231
PIT_KS,1000,LinearGauss-Hetero,baseline,39,0.19289910386178358,0.13387761259905118,-0.059021491262732435,-0.04724283822728159,0.9487179487179487
PIT_KS,1000,LinearGauss-Homo,baseline,39,0.18443133848279983,0.08221872022910258,-0.10221261825369725,-0.06958982165496833,0.9230769230769231
PIT_KS,1000,LogNormal-Hetero,baseline,39,0.13112514010199897,0.07508438414885224,-0.05604075595314672,-0.05539704601143891,1.0
PIT_KS,1000,LogNormal-Hetero-Ridge,baseline,39,0.15270955376754575,0.09449122207216966,-0.0582183316953761,-0.05234595081420168,1.0
PIT_KS,1000,LogNormal-Homo,baseline,39,0.1594609194679812,0.05312407286446449,-0.10633684660351668,-0.08688979672097297,1.0
PIT_KS,1000,LogNormal-Homo-Ridge,baseline,39,0.15535023985636295,0.05652999086615356,-0.0988202489902094,-0.06891214758899916,1.0
PIT_KS,1000,MDN,baseline,39,0.09020765368030269,0.04831824022697595,-0.041889413453326745,-0.04241957676893021,1.0
PIT_KS,1000,Quantile-Tree,baseline,39,0.09776836302701361,0.05575184422100007,-0.04201651880601355,-0.029716867000486535,0.9487179487179487
PIT_KS,1000,Student-t,baseline,39,0.15152686925279835,0.08189561548245387,-0.06963125377034449,-0.06218039827392784,0.8974358974358975
PIT_KS,1000,Student-t-Ridge,baseline,39,0.1390245576622828,0.06473930166936329,-0.0742852559929195,-0.06602013631811485,0.9743589743589743
PIT_KS,1000,RealTabPFN-2.5,foundation,39,0.11081298215669391,0.07050428530642754,-0.04030869685026637,-0.03753895138957558,0.9487179487179487
PIT_KS,1000,TabICL-Quantiles,foundation,39,0.10044603632553946,0.07542482403481778,-0.025021212290721677,-0.022816260930670573,0.8461538461538461
PIT_KS,1000,TabPFN-2.5,foundation,39,0.10637334062111578,0.06831061477784066,-0.038062725843275115,-0.03822434289839871,0.9743589743589743
PIT_KS,5000,BART-Hetero,baseline,34,0.3156022233066692,0.06433652854386637,-0.25126569476280286,-0.15770181106190523,1.0
PIT_KS,5000,BART-Homo,baseline,34,0.22390674454670445,0.054326586039667835,-0.16958015850703664,-0.14923087235727184,1.0
PIT_KS,5000,CatMLP,baseline,34,0.08801292480788477,0.03453167256577289,-0.05348125224211187,-0.04232256103164188,1.0
PIT_KS,5000,FlexCode-RF,baseline,34,0.17506613062912055,0.029631799941226576,-0.145434330687894,-0.14529694631535417,0.9705882352941176
PIT_KS,5000,Flow-Spline,baseline,34,0.10233279711411546,0.03926295829257177,-0.06306983882154368,-0.05182299500366134,0.9705882352941176
PIT_KS,5000,Gamma-GLM,baseline,34,0.15079345653415133,0.02820169396164797,-0.12259176257250337,-0.1003393215699348,1.0
PIT_KS,5000,Gamma-GLM-Ridge,baseline,34,0.1422113838959939,0.027478276811855162,-0.11473310708413872,-0.07712412982536607,1.0
PIT_KS,5000,LinGauss-Hetero-Ridge,baseline,34,0.22234158281227287,0.13926834005026478,-0.0830732427620081,-0.06484203492778043,0.9411764705882353
PIT_KS,5000,LinGauss-Homo-Ridge,baseline,34,0.18265361162061278,0.06816683191406156,-0.1144867797065512,-0.09109794060069165,0.9411764705882353
PIT_KS,5000,LinearGauss-Hetero,baseline,34,0.16964668518645673,0.09715134780644362,-0.0724953373800131,-0.05804851645809128,0.9411764705882353
PIT_KS,5000,LinearGauss-Homo,baseline,34,0.18505439193519943,0.06789489979920818,-0.11715949213599124,-0.0912418877791974,0.9411764705882353
PIT_KS,5000,LogNormal-Hetero,baseline,34,0.10339261321061871,0.03488985466981509,-0.06850275854080363,-0.06051141015700748,1.0
PIT_KS,5000,LogNormal-Hetero-Ridge,baseline,34,0.1270095039757944,0.04061924393224463,-0.0863902600435498,-0.06102910575810638,1.0
PIT_KS,5000,LogNormal-Homo,baseline,34,0.14933909243167143,0.02401924111068747,-0.12531985132098394,-0.100554951946827,1.0
PIT_KS,5000,LogNormal-Homo-Ridge,baseline,34,0.14412156232807602,0.02367657225290163,-0.12044499007517437,-0.09175842941365836,1.0
PIT_KS,5000,MDN,baseline,34,0.07651822261696883,0.042338157081956374,-0.03418006553501246,-0.02953156846792493,0.9705882352941176
PIT_KS,5000,Quantile-Tree,baseline,34,0.08432811342618855,0.04901581979061957,-0.03531229363556899,-0.025474589229812744,1.0
PIT_KS,5000,Student-t,baseline,34,0.14837948579592244,0.059724897895985986,-0.08865458789993647,-0.08519331939838182,0.9705882352941176
PIT_KS,5000,Student-t-Ridge,baseline,34,0.12955070240292535,0.038286444018894424,-0.09126425838403093,-0.0850261425072272,1.0
PIT_KS,5000,RealTabPFN-2.5,foundation,34,0.1116727609664418,0.06624028468860803,-0.045432476277833755,-0.040425428554610066,0.9705882352941176
PIT_KS,5000,TabICL-Quantiles,foundation,34,0.09481987452816468,0.07456382835592862,-0.02025604617223607,-0.024937487219219262,0.8529411764705882
PIT_KS,5000,TabPFN-2.5,foundation,34,0.10921382132312524,0.06691189433616741,-0.042301926986957825,-0.03864511846499823,0.9705882352941176
PIT_KS,10000,BART-Homo,baseline,25,0.26699267981149877,0.0508222503390476,-0.2161704294724512,-0.1938657727249076,1.0
PIT_KS,10000,CatMLP,baseline,25,0.09393492614007873,0.04628662310659888,-0.04764830303347984,-0.03648798028022027,0.96
PIT_KS,10000,FlexCode-RF,baseline,25,0.1869631697453416,0.042532966069644164,-0.14443020367569742,-0.13863237649334953,1.0
PIT_KS,10000,Flow-Spline,baseline,25,0.09470941694595165,0.03760798809331142,-0.05710142885264023,-0.04499114925756065,0.96
PIT_KS,10000,Gamma-GLM,baseline,25,0.15232893761729774,0.040699393666253664,-0.11162954395104407,-0.08692767574485163,1.0
PIT_KS,10000,Gamma-GLM-Ridge,baseline,25,0.12267998338352007,0.0347756551754492,-0.08790432820807087,-0.0731396649417098,1.0
PIT_KS,10000,LinGauss-Hetero-Ridge,baseline,25,0.25024307595047124,0.15709610266928706,-0.09314697328118417,-0.07048837614502534,0.92
PIT_KS,10000,LinGauss-Homo-Ridge,baseline,25,0.1945961866246832,0.0741265591638924,-0.1204696274607908,-0.10504344898792439,0.96
PIT_KS,10000,LinearGauss-Hetero,baseline,25,0.2013547767096208,0.12544763915613355,-0.07590713755348726,-0.07180136136033366,0.92
PIT_KS,10000,LinearGauss-Homo,baseline,25,0.19453399359254392,0.07394698838970079,-0.12058700520284311,-0.10559423324233463,0.96
PIT_KS,10000,LogNormal-Hetero,baseline,25,0.10923063417736083,0.045900565788673874,-0.06333006838868695,-0.05967126834456138,1.0
PIT_KS,10000,LogNormal-Hetero-Ridge,baseline,25,0.10950209982929843,0.04725711014131465,-0.06224498968798378,-0.054654828489328566,1.0
PIT_KS,10000,LogNormal-Homo,baseline,25,0.1207325104891575,0.03442943770176937,-0.08630307278738812,-0.07445662838182854,1.0
PIT_KS,10000,LogNormal-Homo-Ridge,baseline,25,0.11982315016589057,0.03524388961002871,-0.08457926055586187,-0.07426379726220017,1.0
PIT_KS,10000,MDN,baseline,25,0.07157334384426278,0.03848254551383929,-0.03309079833042349,-0.026350810113610068,0.96
PIT_KS,10000,Student-t,baseline,25,0.14493973569443375,0.04566919320658745,-0.09927054248784631,-0.10186204921589176,1.0
PIT_KS,10000,Student-t-Ridge,baseline,25,0.14529339993757412,0.04568957635455791,-0.0996038235830162,-0.10186028031165756,1.0
PIT_KS,10000,RealTabPFN-2.5,foundation,25,0.10879348819129361,0.0629521036663985,-0.04584138452489512,-0.03974560672817917,0.96
PIT_KS,10000,TabICL-Quantiles,foundation,25,0.09592079747088558,0.07369433642958965,-0.022226461041295928,-0.02868045292505783,0.88
PIT_KS,10000,TabPFN-2.5,foundation,25,0.10353730565413344,0.06529642149179143,-0.03824088416234199,-0.03803519707425429,0.96
PIT_KS,20000,BART-Homo,baseline,16,0.26509418104562676,0.0681933377299342,-0.19690084331569252,-0.18353348191334443,1.0
PIT_KS,20000,CatMLP,baseline,16,0.0810552242178429,0.02632591154338756,-0.05472931267445534,-0.03745245246655704,1.0
PIT_KS,20000,FlexCode-RF,baseline,16,0.16547474346803762,0.024929960416925807,-0.14054478305111182,-0.1053406136551131,1.0
PIT_KS,20000,Flow-Spline,baseline,16,0.1046157667746258,0.059473901096586124,-0.04514186567803968,-0.04064051706631805,1.0
PIT_KS,20000,Gamma-GLM,baseline,16,0.13782812532667044,0.0341623856163594,-0.10366573971031105,-0.09649327159551901,1.0
PIT_KS,20000,Gamma-GLM-Ridge,baseline,16,0.11230675635878025,0.02384239909179727,-0.08846435726698298,-0.07862975826440602,1.0
PIT_KS,20000,LinGauss-Hetero-Ridge,baseline,16,0.24178851094173676,0.13137522733146154,-0.11041328361027522,-0.08738331023301057,0.9375
PIT_KS,20000,LinGauss-Homo-Ridge,baseline,16,0.15849500301362165,0.04361544191843419,-0.11487956109518747,-0.09534875905753269,1.0
PIT_KS,20000,LinearGauss-Hetero,baseline,16,0.18260869910499922,0.10457152632290224,-0.07803717278209699,-0.07628459388536514,0.9375
PIT_KS,20000,LinearGauss-Homo,baseline,16,0.15846903206160468,0.04346842364846777,-0.1150006084131369,-0.095384292370986,1.0
PIT_KS,20000,LogNormal-Hetero,baseline,16,0.09507559587189184,0.03293316574980899,-0.06214243012208285,-0.05291065077983931,1.0
PIT_KS,20000,LogNormal-Hetero-Ridge,baseline,16,0.09507530192066618,0.032920767912779994,-0.062154534007886196,-0.053507946054663746,1.0
PIT_KS,20000,LogNormal-Homo,baseline,16,0.12504391864084027,0.02691167892654008,-0.0981322397143002,-0.0926120334558627,1.0
PIT_KS,20000,LogNormal-Homo-Ridge,baseline,16,0.12460170135812709,0.02677595455496154,-0.09782574680316555,-0.08995890426105659,1.0
PIT_KS,20000,MDN,baseline,16,0.06744672096608512,0.039308251540622265,-0.028138469425462862,-0.022798415253340615,1.0
PIT_KS,20000,Student-t,baseline,16,0.1356356262747875,0.0424764348319493,-0.09315919144283819,-0.08942051708773369,1.0
PIT_KS,20000,Student-t-Ridge,baseline,16,0.13580660357745566,0.04258304942596612,-0.09322355415148956,-0.08934723768695824,1.0
PIT_KS,20000,RealTabPFN-2.5,foundation,15,0.10293653032613487,0.05354707565816265,-0.04938945466797221,-0.044663409049245234,1.0
PIT_KS,20000,TabICL-Quantiles,foundation,16,0.08454474835566886,0.06420455917645225,-0.020340189179216612,-0.023370088334980887,0.875
PIT_KS,20000,TabPFN-2.5,foundation,15,0.09495661213647305,0.05114606974440016,-0.043810542392072875,-0.040886775735498704,1.0
coverage_90,500,BART-Hetero,baseline,39,0.8026666666666666,0.8430769230769232,0.04041025641025643,0.06400000000000006,
coverage_90,500,BART-Homo,baseline,39,0.9267692307692307,0.8964102564102564,-0.030358974358974364,-0.040000000000000036,
coverage_90,500,CatMLP,baseline,39,0.9220512820512821,0.8892307692307693,-0.03282051282051281,-0.03200000000000003,
coverage_90,500,FlexCode-RF,baseline,39,0.9733333333333334,0.9017435897435897,-0.07158974358974356,-0.07999999999999996,
coverage_90,500,Flow-Spline,baseline,39,0.8674871794871795,0.8771282051282051,0.009641025641025635,0.008000000000000007,
coverage_90,500,Gamma-GLM,baseline,37,0.8888648648648648,0.8897297297297297,0.0008648648648648536,-0.016000000000000014,
coverage_90,500,Gamma-GLM-Ridge,baseline,39,0.8998974358974358,0.8968205128205128,-0.003076923076923074,-0.008000000000000007,
coverage_90,500,LinGauss-Hetero-Ridge,baseline,39,0.7634871794871795,0.7872820512820513,0.0237948717948718,0.016000000000000014,
coverage_90,500,LinGauss-Homo-Ridge,baseline,39,0.8713846153846154,0.8623589743589744,-0.009025641025641025,-0.02399999999999991,
coverage_90,500,LinearGauss-Hetero,baseline,37,0.7355675675675676,0.7712432432432432,0.03567567567567568,0.016000000000000014,
coverage_90,500,LinearGauss-Homo,baseline,37,0.8758918918918919,0.8629189189189189,-0.012972972972972967,-0.02400000000000002,
coverage_90,500,LogNormal-Hetero,baseline,37,0.8268108108108108,0.8406486486486486,0.013837837837837845,0.008000000000000007,
coverage_90,500,LogNormal-Hetero-Ridge,baseline,39,0.8188717948717948,0.8278974358974358,0.00902564102564102,0.008000000000000007,
coverage_90,500,LogNormal-Homo,baseline,37,0.900972972972973,0.8869189189189189,-0.01405405405405406,-0.008000000000000007,
coverage_90,500,LogNormal-Homo-Ridge,baseline,39,0.8990769230769231,0.8845128205128205,-0.014564102564102569,-0.016000000000000014,
coverage_90,500,MDN,baseline,39,0.8557948717948717,0.865025641025641,0.009230769230769233,0.008000000000000007,
coverage_90,500,Quantile-Tree,baseline,39,0.8720000000000001,0.8875897435897436,0.015589743589743592,0.016000000000000014,
coverage_90,500,Student-t,baseline,37,0.8652972972972972,0.8743783783783783,0.009081081081081077,0.0,
coverage_90,500,Student-t-Ridge,baseline,39,0.8824615384615384,0.9027692307692308,0.020307692307692308,0.0,
coverage_90,500,RealTabPFN-2.5,foundation,39,0.903179487179487,0.8939487179487179,-0.009230769230769221,-0.016000000000000014,
coverage_90,500,TabICL-Quantiles,foundation,39,0.9113846153846153,0.9007179487179487,-0.01066666666666666,-0.008000000000000007,
coverage_90,500,TabPFN-2.5,foundation,39,0.9042051282051283,0.8933333333333334,-0.010871794871794864,-0.008000000000000007,
coverage_90,1000,BART-Hetero,baseline,39,0.7862564102564102,0.8385641025641026,0.05230769230769231,0.07199999999999995,
coverage_90,1000,BART-Homo,baseline,39,0.9138461538461539,0.885025641025641,-0.028820512820512813,-0.03599999999999992,
coverage_90,1000,CatMLP,baseline,39,0.9388717948717948,0.9054358974358974,-0.03343589743589743,-0.03599999999999992,
coverage_90,1000,FlexCode-RF,baseline,39,0.9756923076923076,0.9108717948717949,-0.06482051282051278,-0.07599999999999996,
coverage_90,1000,Flow-Spline,baseline,39,0.8794871794871794,0.8836923076923077,0.004205128205128217,0.008000000000000007,
coverage_90,1000,Gamma-GLM,baseline,39,0.9218461538461538,0.9042051282051283,-0.017641025641025643,-0.020000000000000018,
coverage_90,1000,Gamma-GLM-Ridge,baseline,39,0.9101538461538462,0.9036923076923077,-0.006461538461538459,-0.01200000000000001,
coverage_90,1000,LinGauss-Hetero-Ridge,baseline,39,0.7582564102564102,0.7881025641025641,0.02984615384615385,0.008000000000000007,
coverage_90,1000,LinGauss-Homo-Ridge,baseline,39,0.8842051282051282,0.8716923076923078,-0.012512820512820507,-0.020000000000000018,
coverage_90,1000,LinearGauss-Hetero,baseline,39,0.7566153846153846,0.782051282051282,0.025435897435897435,0.008000000000000007,
coverage_90,1000,LinearGauss-Homo,baseline,39,0.8877948717948718,0.8722051282051282,-0.01558974358974357,-0.020000000000000018,
coverage_90,1000,LogNormal-Hetero,baseline,39,0.8326153846153846,0.8415384615384616,0.008923076923076919,-0.0040000000000000036,
coverage_90,1000,LogNormal-Hetero-Ridge,baseline,39,0.8242051282051281,0.8303589743589743,0.006153846153846153,-0.007999999999999896,
coverage_90,1000,LogNormal-Homo,baseline,39,0.9154871794871795,0.8984615384615384,-0.017025641025641025,-0.020000000000000018,
coverage_90,1000,LogNormal-Homo-Ridge,baseline,39,0.9126153846153846,0.8969230769230768,-0.0156923076923077,-0.016000000000000014,
coverage_90,1000,MDN,baseline,39,0.880102564102564,0.8858461538461538,0.005743589743589746,0.0040000000000000036,
coverage_90,1000,Quantile-Tree,baseline,39,0.8939487179487179,0.8973333333333334,0.003384615384615396,0.0,
coverage_90,1000,Student-t,baseline,39,0.8802051282051283,0.8856410256410256,0.005435897435897446,-0.0040000000000000036,
coverage_90,1000,Student-t-Ridge,baseline,39,0.903076923076923,0.9116923076923076,0.008615384615384617,0.0,
coverage_90,1000,RealTabPFN-2.5,foundation,39,0.9207179487179488,0.898051282051282,-0.02266666666666667,-0.02400000000000002,
coverage_90,1000,TabICL-Quantiles,foundation,39,0.928,0.9065641025641026,-0.021435897435897442,-0.020000000000000018,
coverage_90,1000,TabPFN-2.5,foundation,39,0.9210256410256411,0.9008205128205128,-0.020205128205128202,-0.016000000000000014,
coverage_90,5000,BART-Hetero,baseline,34,0.764164705882353,0.8406352941176471,0.07647058823529412,0.12440000000000001,
coverage_90,5000,BART-Homo,baseline,34,0.903435294117647,0.8792470588235295,-0.02418823529411764,-0.027599999999999958,
coverage_90,5000,CatMLP,baseline,34,0.936,0.9038352941176471,-0.03216470588235294,-0.030000000000000082,
coverage_90,5000,FlexCode-RF,baseline,34,0.9833411764705882,0.9056705882352941,-0.0776705882352941,-0.08360000000000001,
coverage_90,5000,Flow-Spline,baseline,34,0.8913411764705882,0.9004941176470589,0.009152941176470582,0.018399999999999972,
coverage_90,5000,Gamma-GLM,baseline,34,0.9206823529411765,0.9055764705882353,-0.015105882352941184,-0.017199999999999993,
coverage_90,5000,Gamma-GLM-Ridge,baseline,34,0.9067764705882353,0.904,-0.0027764705882353017,-0.013200000000000045,
coverage_90,5000,LinGauss-Hetero-Ridge,baseline,34,0.7642117647058824,0.7832470588235294,0.01903529411764707,0.0,
coverage_90,5000,LinGauss-Homo-Ridge,baseline,34,0.8684235294117647,0.8658352941176471,-0.0025882352941176364,-0.016400000000000026,
coverage_90,5000,LinearGauss-Hetero,baseline,34,0.8024,0.8265176470588236,0.02411764705882353,0.007599999999999996,
coverage_90,5000,LinearGauss-Homo,baseline,34,0.8704941176470588,0.8663764705882353,-0.00411764705882353,-0.014800000000000035,
coverage_90,5000,LogNormal-Hetero,baseline,34,0.8844941176470589,0.8904235294117647,0.005929411764705876,-0.015199999999999991,
coverage_90,5000,LogNormal-Hetero-Ridge,baseline,34,0.8657411764705882,0.8964941176470588,0.030752941176470584,-0.015600000000000003,
coverage_90,5000,LogNormal-Homo,baseline,34,0.9137882352941177,0.903270588235294,-0.010517647058823536,-0.018399999999999972,
coverage_90,5000,LogNormal-Homo-Ridge,baseline,34,0.9118823529411765,0.9024235294117647,-0.009458823529411768,-0.018399999999999972,
coverage_90,5000,MDN,baseline,34,0.9082117647058824,0.9036470588235295,-0.004564705882352932,-0.005599999999999994,
coverage_90,5000,Quantile-Tree,baseline,34,0.9170588235294117,0.9062588235294118,-0.010800000000000002,-0.013600000000000001,
coverage_90,5000,Student-t,baseline,34,0.8681411764705882,0.8769411764705882,0.008800000000000011,-0.0024000000000000132,
coverage_90,5000,Student-t-Ridge,baseline,34,0.8967529411764705,0.9051764705882352,0.008423529411764712,-0.0043999999999999595,
coverage_90,5000,RealTabPFN-2.5,foundation,34,0.930235294117647,0.9141882352941176,-0.016047058823529407,-0.010799999999999976,
coverage_90,5000,TabICL-Quantiles,foundation,34,0.936235294117647,0.9145882352941177,-0.0216470588235294,-0.018399999999999972,
coverage_90,5000,TabPFN-2.5,foundation,34,0.9288941176470589,0.9147529411764707,-0.014141176470588235,-0.009599999999999997,
coverage_90,10000,BART-Homo,baseline,25,0.934944,0.911104,-0.023840000000000004,-0.026000000000000023,
coverage_90,10000,CatMLP,baseline,25,0.941088,0.908928,-0.032159999999999994,-0.03079999999999994,
coverage_90,10000,FlexCode-RF,baseline,25,0.98568,0.908368,-0.07731199999999999,-0.08479999999999999,
coverage_90,10000,Flow-Spline,baseline,25,0.914624,0.9080800000000001,-0.00654399999999999,-0.01079999999999992,
coverage_90,10000,Gamma-GLM,baseline,25,0.92616,0.9126559999999999,-0.013504000000000009,-0.016000000000000014,
coverage_90,10000,Gamma-GLM-Ridge,baseline,25,0.911872,0.9110240000000001,-0.0008479999999999999,-0.014800000000000035,
coverage_90,10000,LinGauss-Hetero-Ridge,baseline,25,0.7589440000000001,0.7687520000000001,0.009807999999999992,-0.0048000000000000265,
coverage_90,10000,LinGauss-Homo-Ridge,baseline,25,0.8752960000000001,0.8764799999999999,0.001183999999999985,-0.01319999999999999,
coverage_90,10000,LinearGauss-Hetero,baseline,25,0.772,0.795168,0.02316799999999998,-0.0016000000000000458,
coverage_90,10000,LinearGauss-Homo,baseline,25,0.875104,0.8764320000000001,0.0013279999999999959,-0.013600000000000056,
coverage_90,10000,LogNormal-Hetero,baseline,25,0.894144,0.896304,0.002159999999999984,-0.009600000000000053,
coverage_90,10000,LogNormal-Hetero-Ridge,baseline,25,0.8941119999999999,0.8968,0.0026880000000000016,-0.009200000000000097,
coverage_90,10000,LogNormal-Homo,baseline,25,0.914448,0.908096,-0.006351999999999993,-0.00880000000000003,
coverage_90,10000,LogNormal-Homo-Ridge,baseline,25,0.91424,0.907856,-0.006384000000000003,-0.008000000000000007,
coverage_90,10000,MDN,baseline,25,0.9171680000000001,0.909792,-0.007375999999999982,-0.010000000000000009,
coverage_90,10000,Student-t,baseline,25,0.895856,0.909856,0.014000000000000007,-0.0020000000000000018,
coverage_90,10000,Student-t-Ridge,baseline,25,0.895776,0.90968,0.01390400000000001,0.0,
coverage_90,10000,RealTabPFN-2.5,foundation,25,0.92336,0.9104479999999999,-0.012912000000000003,-0.011199999999999988,
coverage_90,10000,TabICL-Quantiles,foundation,25,0.939072,0.916224,-0.022847999999999997,-0.01959999999999995,
coverage_90,10000,TabPFN-2.5,foundation,25,0.922848,0.9102079999999999,-0.012639999999999998,-0.00880000000000003,
coverage_90,20000,BART-Homo,baseline,16,0.87835,0.8769875,-0.0013625000000000095,-0.016300000000000037,
coverage_90,20000,CatMLP,baseline,16,0.9376375,0.9077625,-0.029875,-0.02290000000000003,
coverage_90,20000,FlexCode-RF,baseline,16,0.9838375,0.9075124999999999,-0.07632500000000002,-0.08220000000000005,
coverage_90,20000,Flow-Spline,baseline,16,0.9114375,0.9093625,-0.0020750000000000005,0.00269999999999998,
coverage_90,20000,Gamma-GLM,baseline,16,0.9346375,0.908475,-0.026162499999999998,-0.02460000000000001,
coverage_90,20000,Gamma-GLM-Ridge,baseline,16,0.9261375,0.9042875,-0.02185,-0.023899999999999977,
coverage_90,20000,LinGauss-Hetero-Ridge,baseline,16,0.813425,0.802675,-0.010749999999999996,-0.01429999999999998,
coverage_90,20000,LinGauss-Homo-Ridge,baseline,16,0.927025,0.9117,-0.01532500000000002,-0.012500000000000067,
coverage_90,20000,LinearGauss-Hetero,baseline,16,0.8246625,0.830725,0.006062500000000002,-0.009199999999999986,
coverage_90,20000,LinearGauss-Homo,baseline,16,0.9269375,0.911675,-0.015262500000000012,-0.012200000000000044,
coverage_90,20000,LogNormal-Hetero,baseline,16,0.91735,0.9034,-0.013950000000000011,-0.019999999999999962,
coverage_90,20000,LogNormal-Hetero-Ridge,baseline,16,0.9179375,0.903025,-0.014912500000000002,-0.020500000000000018,
coverage_90,20000,LogNormal-Homo,baseline,16,0.9249375,0.9044625,-0.020475000000000007,-0.019199999999999995,
coverage_90,20000,LogNormal-Homo-Ridge,baseline,16,0.9247625,0.9044375,-0.020325000000000017,-0.019500000000000073,
coverage_90,20000,MDN,baseline,16,0.91975,0.908025,-0.011724999999999992,-0.010699999999999987,
coverage_90,20000,Student-t,baseline,16,0.9084,0.9102875,0.0018874999999999864,0.003400000000000014,
coverage_90,20000,Student-t-Ridge,baseline,16,0.9082875,0.910425,0.0021374999999999866,0.003500000000000003,
coverage_90,20000,RealTabPFN-2.5,foundation,15,0.9238533333333333,0.91332,-0.010533333333333313,-0.009599999999999942,
coverage_90,20000,TabICL-Quantiles,foundation,16,0.9369625,0.9161625,-0.020799999999999992,-0.019000000000000017,
coverage_90,20000,TabPFN-2.5,foundation,15,0.9229866666666666,0.9137066666666667,-0.009280000000000007,-0.007600000000000051,
coverage_abs_err,500,BART-Hetero,baseline,39,0.15682051282051285,0.08420512820512821,-0.07261538461538461,-0.06400000000000006,0.9743589743589743
coverage_abs_err,500,BART-Homo,baseline,39,0.06020512820512819,0.042769230769230775,-0.017435897435897418,-0.03199999999999992,0.6923076923076923
coverage_abs_err,500,CatMLP,baseline,39,0.043179487179487164,0.026564102564102576,-0.016615384615384587,-0.015999999999999903,0.6666666666666666
coverage_abs_err,500,FlexCode-RF,baseline,39,0.0733333333333333,0.019384615384615396,-0.0539487179487179,-0.06399999999999995,0.8974358974358975
coverage_abs_err,500,Flow-Spline,baseline,39,0.05425641025641027,0.033538461538461566,-0.020717948717948704,-0.016000000000000014,0.6923076923076923
coverage_abs_err,500,Gamma-GLM,baseline,37,0.057837837837837844,0.037297297297297305,-0.020540540540540535,-0.008000000000000007,0.5405405405405406
coverage_abs_err,500,Gamma-GLM-Ridge,baseline,39,0.04358974358974359,0.03558974358974359,-0.008000000000000002,0.0,0.48717948717948717
coverage_abs_err,500,LinGauss-Hetero-Ridge,baseline,39,0.15353846153846154,0.12974358974358977,-0.023794871794871796,-0.008000000000000007,0.5128205128205128
coverage_abs_err,500,LinGauss-Homo-Ridge,baseline,39,0.07456410256410256,0.053025641025641036,-0.021538461538461527,-0.008000000000000007,0.5384615384615384
coverage_abs_err,500,LinearGauss-Hetero,baseline,37,0.18281081081081085,0.14367567567567568,-0.039135135135135134,-0.016000000000000014,0.7297297297297297
coverage_abs_err,500,LinearGauss-Homo,baseline,37,0.07643243243243243,0.05200000000000001,-0.024432432432432417,-0.008000000000000007,0.5675675675675675
coverage_abs_err,500,LogNormal-Hetero,baseline,37,0.08400000000000003,0.07340540540540542,-0.010594594594594598,-0.008000000000000007,0.5135135135135135
coverage_abs_err,500,LogNormal-Hetero-Ridge,baseline,39,0.09712820512820515,0.0874871794871795,-0.009641025641025636,0.0,0.48717948717948717
coverage_abs_err,500,LogNormal-Homo,baseline,37,0.036864864864864864,0.035783783783783794,-0.00108108108108107,0.008000000000000007,0.35135135135135137
coverage_abs_err,500,LogNormal-Homo-Ridge,baseline,39,0.03682051282051283,0.03743589743589745,0.0006153846153846245,0.0,0.358974358974359
coverage_abs_err,500,MDN,baseline,39,0.06102564102564104,0.039282051282051304,-0.021743589743589736,-0.008000000000000007,0.6153846153846154
coverage_abs_err,500,Quantile-Tree,baseline,39,0.05200000000000001,0.0312820512820513,-0.020717948717948718,-0.008000000000000007,0.5897435897435898
coverage_abs_err,500,Student-t,baseline,37,0.06972972972972973,0.05286486486486488,-0.01686486486486486,-0.008000000000000007,0.5135135135135135
coverage_abs_err,500,Student-t-Ridge,baseline,39,0.04810256410256411,0.028205128205128212,-0.019897435897435898,-0.008000000000000007,0.5897435897435898
coverage_abs_err,500,RealTabPFN-2.5,foundation,39,0.04092307692307694,0.02943589743589745,-0.011487179487179481,-0.008000000000000007,0.5897435897435898
coverage_abs_err,500,TabICL-Quantiles,foundation,39,0.03743589743589743,0.024102564102564113,-0.013333333333333322,-0.008000000000000007,0.5641025641025641
coverage_abs_err,500,TabPFN-2.5,foundation,39,0.04256410256410257,0.030871794871794887,-0.011692307692307686,-0.008000000000000007,0.5384615384615384
coverage_abs_err,1000,BART-Hetero,baseline,39,0.16235897435897437,0.08851282051282051,-0.07384615384615385,-0.07999999999999996,0.8717948717948718
coverage_abs_err,1000,BART-Homo,baseline,39,0.07846153846153846,0.05292307692307693,-0.02553846153846152,-0.028000000000000025,0.6666666666666666
coverage_abs_err,1000,CatMLP,baseline,39,0.039897435897435884,0.016307692307692315,-0.023589743589743573,-0.02400000000000002,0.7948717948717948
coverage_abs_err,1000,FlexCode-RF,baseline,39,0.07671794871794868,0.015589743589743597,-0.06112820512820508,-0.06399999999999995,1.0
coverage_abs_err,1000,Flow-Spline,baseline,39,0.04123076923076926,0.02123076923076925,-0.020000000000000004,-0.016000000000000014,0.7435897435897436
coverage_abs_err,1000,Gamma-GLM,baseline,39,0.04194871794871794,0.02717948717948718,-0.014769230769230757,-0.01200000000000001,0.7435897435897436
coverage_abs_err,1000,Gamma-GLM-Ridge,baseline,39,0.040512820512820506,0.029743589743589743,-0.010769230769230765,-0.0040000000000000036,0.5897435897435898
coverage_abs_err,1000,LinGauss-Hetero-Ridge,baseline,39,0.16574358974358974,0.13466666666666668,-0.031076923076923075,-0.008000000000000007,0.5641025641025641
coverage_abs_err,1000,LinGauss-Homo-Ridge,baseline,39,0.06953846153846154,0.04615384615384616,-0.023384615384615372,-0.01200000000000001,0.6153846153846154
coverage_abs_err,1000,LinearGauss-Hetero,baseline,39,0.16287179487179487,0.13538461538461538,-0.027487179487179488,-0.016000000000000014,0.6410256410256411
coverage_abs_err,1000,LinearGauss-Homo,baseline,39,0.07148717948717948,0.044615384615384626,-0.02687179487179485,-0.020000000000000018,0.717948717948718
coverage_abs_err,1000,LogNormal-Hetero,baseline,39,0.09097435897435899,0.07200000000000002,-0.018974358974358976,-0.01200000000000001,0.6410256410256411
coverage_abs_err,1000,LogNormal-Hetero-Ridge,baseline,39,0.10287179487179489,0.08482051282051284,-0.01805128205128204,-0.007999999999999896,0.5384615384615384
coverage_abs_err,1000,LogNormal-Homo,baseline,39,0.03764102564102564,0.024307692307692308,-0.01333333333333333,-0.008000000000000007,0.6410256410256411
coverage_abs_err,1000,LogNormal-Homo-Ridge,baseline,39,0.03641025641025642,0.02625641025641026,-0.010153846153846157,-0.008000000000000007,0.6153846153846154
coverage_abs_err,1000,MDN,baseline,39,0.040615384615384637,0.02953846153846155,-0.011076923076923078,-0.008000000000000007,0.6923076923076923
coverage_abs_err,1000,Quantile-Tree,baseline,39,0.0355897435897436,0.02153846153846155,-0.01405128205128205,-0.01200000000000001,0.6153846153846154
coverage_abs_err,1000,Student-t,baseline,39,0.057128205128205135,0.04389743589743591,-0.013230769230769225,-0.0040000000000000036,0.5641025641025641
coverage_abs_err,1000,Student-t-Ridge,baseline,39,0.03733333333333334,0.023384615384615393,-0.013948717948717949,0.0,0.46153846153846156
coverage_abs_err,1000,RealTabPFN-2.5,foundation,39,0.03446153846153847,0.02389743589743591,-0.010564102564102557,-0.008000000000000007,0.6410256410256411
coverage_abs_err,1000,TabICL-Quantiles,foundation,39,0.03394871794871795,0.02215384615384616,-0.011794871794871792,-0.0040000000000000036,0.6410256410256411
coverage_abs_err,1000,TabPFN-2.5,foundation,39,0.03497435897435897,0.023794871794871806,-0.011179487179487167,-0.008000000000000007,0.6666666666666666
coverage_abs_err,5000,BART-Hetero,baseline,34,0.17964705882352944,0.06901176470588237,-0.11063529411764705,-0.12440000000000001,0.9411764705882353
coverage_abs_err,5000,BART-Homo,baseline,34,0.08254117647058822,0.039294117647058834,-0.04324705882352939,-0.028799999999999992,0.8529411764705882
coverage_abs_err,5000,CatMLP,baseline,34,0.038211764705882334,0.009105882352941182,-0.02910588235294115,-0.02839999999999998,0.9705882352941176
coverage_abs_err,5000,FlexCode-RF,baseline,34,0.0833411764705882,0.007741176470588238,-0.07559999999999997,-0.07919999999999999,1.0
coverage_abs_err,5000,Flow-Spline,baseline,34,0.04178823529411764,0.008729411764705885,-0.03305882352941175,-0.032399999999999984,0.9411764705882353
coverage_abs_err,5000,Gamma-GLM,baseline,34,0.0416705882352941,0.00910588235294117,-0.03256470588235293,-0.021999999999999964,0.9411764705882353
coverage_abs_err,5000,Gamma-GLM-Ridge,baseline,34,0.03929411764705882,0.01595294117647059,-0.02334117647058823,-0.013600000000000001,0.8529411764705882
coverage_abs_err,5000,LinGauss-Hetero-Ridge,baseline,34,0.1532,0.13054117647058822,-0.02265882352941176,-0.009599999999999997,0.7941176470588235
coverage_abs_err,5000,LinGauss-Homo-Ridge,baseline,34,0.0776941176470588,0.04927058823529412,-0.02842352941176469,-0.014399999999999968,0.8235294117647058
coverage_abs_err,5000,LinearGauss-Hetero,baseline,34,0.12108235294117649,0.08712941176470589,-0.033952941176470595,-0.01479999999999998,0.8823529411764706
coverage_abs_err,5000,LinearGauss-Homo,baseline,34,0.07910588235294118,0.04934117647058825,-0.02976470588235293,-0.01799999999999996,0.8529411764705882
coverage_abs_err,5000,LogNormal-Hetero,baseline,34,0.05188235294117646,0.018517647058823545,-0.033364705882352914,-0.019199999999999995,0.9705882352941176
coverage_abs_err,5000,LogNormal-Hetero-Ridge,baseline,34,0.07115294117647059,0.01790588235294119,-0.05324705882352938,-0.021199999999999997,0.8823529411764706
coverage_abs_err,5000,LogNormal-Homo,baseline,34,0.03694117647058823,0.00905882352941177,-0.02788235294117646,-0.018799999999999983,0.9117647058823529
coverage_abs_err,5000,LogNormal-Homo-Ridge,baseline,34,0.03508235294117645,0.008682352941176474,-0.02639999999999998,-0.01639999999999997,0.8823529411764706
coverage_abs_err,5000,MDN,baseline,34,0.023317647058823516,0.008070588235294133,-0.015247058823529381,-0.00919999999999993,0.8235294117647058
coverage_abs_err,5000,Quantile-Tree,baseline,34,0.03395294117647058,0.01289411764705882,-0.021058823529411762,-0.019999999999999962,0.9117647058823529
coverage_abs_err,5000,Student-t,baseline,34,0.06056470588235293,0.03807058823529413,-0.022494117647058814,-0.011999999999999955,0.8823529411764706
coverage_abs_err,5000,Student-t-Ridge,baseline,34,0.036564705882352944,0.014870588235294139,-0.021694117647058805,-0.009600000000000053,0.8823529411764706
coverage_abs_err,5000,RealTabPFN-2.5,foundation,34,0.038329411764705876,0.01781176470588235,-0.020517647058823522,-0.01319999999999999,0.9705882352941176
coverage_abs_err,5000,TabICL-Quantiles,foundation,34,0.039764705882352924,0.017317647058823528,-0.022447058823529393,-0.01479999999999998,1.0
coverage_abs_err,5000,TabPFN-2.5,foundation,34,0.0372235294117647,0.01738823529411764,-0.01983529411764706,-0.01599999999999996,0.9411764705882353
coverage_abs_err,10000,BART-Homo,baseline,25,0.05411199999999999,0.017279999999999997,-0.036832,-0.026000000000000023,0.76
coverage_abs_err,10000,CatMLP,baseline,25,0.04140799999999998,0.010111999999999993,-0.031295999999999984,-0.03079999999999994,0.96
coverage_abs_err,10000,FlexCode-RF,baseline,25,0.08567999999999998,0.010383999999999994,-0.07529599999999999,-0.07999999999999996,1.0
coverage_abs_err,10000,Flow-Spline,baseline,25,0.03411199999999999,0.01019200000000001,-0.023919999999999976,-0.026000000000000023,0.96
coverage_abs_err,10000,Gamma-GLM,baseline,25,0.04004799999999998,0.013903999999999996,-0.026143999999999987,-0.018799999999999928,0.92
coverage_abs_err,10000,Gamma-GLM-Ridge,baseline,25,0.039007999999999994,0.017040000000000003,-0.02196799999999999,-0.014800000000000035,0.88
coverage_abs_err,10000,LinGauss-Hetero-Ridge,baseline,25,0.171488,0.14615999999999998,-0.025328000000000014,-0.010399999999999965,0.84
coverage_abs_err,10000,LinGauss-Homo-Ridge,baseline,25,0.079104,0.04902400000000001,-0.030079999999999982,-0.01200000000000001,0.88
coverage_abs_err,10000,LinearGauss-Hetero,baseline,25,0.150752,0.11603200000000002,-0.03471999999999998,-0.009199999999999986,0.72
coverage_abs_err,10000,LinearGauss-Homo,baseline,25,0.07926399999999999,0.048976000000000006,-0.030287999999999978,-0.013999999999999901,0.84
coverage_abs_err,10000,LogNormal-Hetero,baseline,25,0.043775999999999995,0.018736000000000017,-0.02503999999999998,-0.007199999999999984,0.8
coverage_abs_err,10000,LogNormal-Hetero-Ridge,baseline,25,0.043999999999999984,0.01750400000000001,-0.02649599999999998,-0.010000000000000009,0.76
coverage_abs_err,10000,LogNormal-Homo,baseline,25,0.033647999999999983,0.011232000000000006,-0.022415999999999974,-0.015599999999999947,0.84
coverage_abs_err,10000,LogNormal-Homo-Ridge,baseline,25,0.03343999999999999,0.010831999999999998,-0.022607999999999993,-0.01760000000000006,0.88
coverage_abs_err,10000,MDN,baseline,25,0.02571199999999999,0.012832,-0.012879999999999989,-0.010800000000000032,0.92
coverage_abs_err,10000,Student-t,baseline,25,0.04004799999999999,0.015712000000000014,-0.02433599999999998,-0.010399999999999965,0.84
coverage_abs_err,10000,Student-t-Ridge,baseline,25,0.04025600000000001,0.015632,-0.024624,-0.012399999999999967,0.84
coverage_abs_err,10000,RealTabPFN-2.5,foundation,25,0.03759999999999999,0.016688000000000005,-0.020911999999999983,-0.01200000000000001,0.84
coverage_abs_err,10000,TabICL-Quantiles,foundation,25,0.041023999999999984,0.016735999999999987,-0.024287999999999997,-0.01959999999999995,1.0
coverage_abs_err,10000,TabPFN-2.5,foundation,25,0.03551999999999999,0.01648,-0.019039999999999987,-0.011199999999999988,0.88
coverage_abs_err,20000,BART-Homo,baseline,16,0.08539999999999998,0.049237500000000003,-0.03616249999999998,-0.016599999999999893,0.8125
coverage_abs_err,20000,CatMLP,baseline,16,0.037637499999999977,0.008962499999999998,-0.02867499999999998,-0.02260000000000001,0.875
coverage_abs_err,20000,FlexCode-RF,baseline,16,0.0838375,0.007987499999999995,-0.07585,-0.08079999999999993,1.0
coverage_abs_err,20000,Flow-Spline,baseline,16,0.025812499999999988,0.012637500000000003,-0.013174999999999985,-0.013499999999999956,0.875
coverage_abs_err,20000,Gamma-GLM,baseline,16,0.037787499999999974,0.010875000000000003,-0.02691249999999997,-0.02460000000000001,0.8125
coverage_abs_err,20000,Gamma-GLM-Ridge,baseline,16,0.03326249999999998,0.010587500000000014,-0.022674999999999966,-0.019899999999999918,0.8125
coverage_abs_err,20000,LinGauss-Hetero-Ridge,baseline,16,0.131925,0.12575,-0.006174999999999993,-0.010499999999999954,0.75
coverage_abs_err,20000,LinGauss-Homo-Ridge,baseline,16,0.034399999999999986,0.01602500000000001,-0.018374999999999975,-0.006299999999999972,0.8125
coverage_abs_err,20000,LinearGauss-Hetero,baseline,16,0.11013749999999999,0.085675,-0.024462499999999988,-0.012299999999999978,0.875
coverage_abs_err,20000,LinearGauss-Homo,baseline,16,0.03428749999999998,0.016025000000000005,-0.018262499999999973,-0.005699999999999983,0.75
coverage_abs_err,20000,LogNormal-Hetero,baseline,16,0.03364999999999999,0.010474999999999998,-0.023174999999999994,-0.019999999999999962,1.0
coverage_abs_err,20000,LogNormal-Hetero-Ridge,baseline,16,0.03438749999999999,0.010250000000000002,-0.024137499999999985,-0.020500000000000018,0.9375
coverage_abs_err,20000,LogNormal-Homo,baseline,16,0.03143749999999998,0.008337499999999998,-0.02309999999999998,-0.020399999999999974,1.0
coverage_abs_err,20000,LogNormal-Homo-Ridge,baseline,16,0.03126249999999999,0.008487499999999995,-0.022774999999999997,-0.020299999999999985,0.9375
coverage_abs_err,20000,MDN,baseline,16,0.02647499999999999,0.010374999999999995,-0.016099999999999996,-0.0121,0.9375
coverage_abs_err,20000,Student-t,baseline,16,0.027049999999999998,0.017062500000000015,-0.009987499999999983,-0.009399999999999964,0.8125
coverage_abs_err,20000,Student-t-Ridge,baseline,16,0.027012499999999995,0.017150000000000012,-0.009862499999999982,-0.009699999999999931,0.8125
coverage_abs_err,20000,RealTabPFN-2.5,foundation,15,0.029906666666666668,0.014493333333333329,-0.015413333333333338,-0.009400000000000075,1.0
coverage_abs_err,20000,TabICL-Quantiles,foundation,16,0.03803749999999998,0.01643749999999998,-0.0216,-0.01880000000000004,1.0
coverage_abs_err,20000,TabPFN-2.5,foundation,15,0.029759999999999988,0.014986666666666645,-0.014773333333333341,-0.010000000000000009,1.0
interval_width,500,BART-Hetero,baseline,39,56018.529747196524,29065.62283346534,-26952.90691373119,0.00241293102642276,
interval_width,500,BART-Homo,baseline,39,71841.4595983498,51325.617656175535,-20515.84194217427,-0.19919269493321556,
interval_width,500,CatMLP,baseline,39,43344.984973899154,36348.36626309607,-6996.618710803086,-0.9662078729860152,
interval_width,500,FlexCode-RF,baseline,39,80793.34743354803,26793.859733193563,-53999.48770035446,-13.475543305028268,
interval_width,500,Flow-Spline,baseline,39,22840.136485213417,22438.737063354514,-401.39942185890305,2.244233845290287e-05,
interval_width,500,Gamma-GLM,baseline,37,27450.606565307207,22645.159667644304,-4805.446897662908,-0.09308058069641578,
interval_width,500,Gamma-GLM-Ridge,baseline,39,29985.573637288104,28036.74362076706,-1948.8300165210453,-0.005672465631693616,
interval_width,500,LinGauss-Hetero-Ridge,baseline,39,8903.97372944921,11241.0119272331,2337.0381977838892,0.15315651553523324,
interval_width,500,LinGauss-Homo-Ridge,baseline,39,29424.485740893484,22853.965405087212,-6570.520335806274,-0.10478538851336316,
interval_width,500,LinearGauss-Hetero,baseline,37,8299.426523014683,10309.649142605493,2010.2226195908108,0.013629094260015129,
interval_width,500,LinearGauss-Homo,baseline,37,32315.26920057578,24271.119214030034,-8044.14998654575,-0.09107792341902922,
interval_width,500,LogNormal-Hetero,baseline,37,22864.23114922678,22104.662642891126,-759.5685063356531,0.005090455570927202,
interval_width,500,LogNormal-Hetero-Ridge,baseline,39,19268.59320164175,19271.82782543032,3.234623788564958,0.0035404278569881598,
interval_width,500,LogNormal-Homo,baseline,37,24459.23170278773,22508.951352915294,-1950.2803498724384,-0.015876565827992642,
interval_width,500,LogNormal-Homo-Ridge,baseline,39,21760.975897644206,20179.977551609085,-1580.9983460351239,-0.013419280388300862,
interval_width,500,MDN,baseline,39,23948.361556660355,25140.191837907496,1191.8302812471427,0.0329760578052638,
interval_width,500,Quantile-Tree,baseline,39,29485.97067295253,30260.59925329064,774.6285803381088,0.055466700857421974,
interval_width,500,Student-t,baseline,37,27193.091555416664,24545.7940939778,-2647.297461438864,-0.0010360006691987195,
interval_width,500,Student-t-Ridge,baseline,39,24275.87157980174,23565.31763256012,-710.553947241618,0.00023357462627395832,
interval_width,500,RealTabPFN-2.5,foundation,39,14949.606617876672,13946.376823398703,-1003.2297944779683,-0.09641156223979375,
interval_width,500,TabICL-Quantiles,foundation,39,16765.350309220827,15742.286385488329,-1023.0639237324968,-0.14298736328846484,
interval_width,500,TabPFN-2.5,foundation,39,15120.120396386903,14208.026805575113,-912.0935908117914,-0.08864947678641533,
interval_width,1000,BART-Hetero,baseline,39,61193.42966713298,28483.716540115893,-32709.713127017087,0.00614453746515994,
interval_width,1000,BART-Homo,baseline,39,75317.3501693879,50675.80600070921,-24641.544168678683,-0.2545554469719393,
interval_width,1000,CatMLP,baseline,39,33862.963316211455,26155.958455834207,-7707.004860377251,-1.4562558756856574,
interval_width,1000,FlexCode-RF,baseline,39,81993.57594152633,23759.902479451124,-58233.673462075196,-25.038648579517343,
interval_width,1000,Flow-Spline,baseline,39,20147.40670678433,19330.80681420113,-816.5998925832021,0.0010616834213769827,
interval_width,1000,Gamma-GLM,baseline,39,26154.223255293316,19238.831573963373,-6915.391681329941,-0.21933121543428324,
interval_width,1000,Gamma-GLM-Ridge,baseline,39,30683.09415290366,26819.28930686616,-3863.804846037496,-0.003960359129917573,
interval_width,1000,LinGauss-Hetero-Ridge,baseline,39,10091.813718007981,12676.544452817408,2584.7307348094278,0.005945790976110671,
interval_width,1000,LinGauss-Homo-Ridge,baseline,39,30804.279066038776,21269.20383599443,-9535.075230044351,-0.06979992869129927,
interval_width,1000,LinearGauss-Hetero,baseline,39,8396.05155457898,9950.978485260881,1554.9269306819,0.008768087824619644,
interval_width,1000,LinearGauss-Homo,baseline,39,31174.36160311479,21042.818311902414,-10131.54329121238,-0.24244448579387745,
interval_width,1000,LogNormal-Hetero,baseline,39,19995.725201056815,19346.09632193422,-649.6288791225995,-0.0004706447955128319,
interval_width,1000,LogNormal-Hetero-Ridge,baseline,39,19554.21044857864,18240.320097951902,-1313.8903506267384,-0.0012097917341162279,
interval_width,1000,LogNormal-Homo,baseline,39,23785.237264327214,19660.88424089426,-4124.353023432955,-0.31525614888916165,
interval_width,1000,LogNormal-Homo-Ridge,baseline,39,23156.12372157578,19630.2773898775,-3525.8463316982784,-0.24668252247034383,
interval_width,1000,MDN,baseline,39,20205.478279074574,19646.045240847154,-559.4330382274179,0.000856947367573759,
interval_width,1000,Quantile-Tree,baseline,39,27299.466798545884,28517.44922093286,1217.9824223869794,0.0037370176715367243,
interval_width,1000,Student-t,baseline,39,24827.39492387544,20373.159633737076,-4454.235290138365,-0.0006659169621824335,
interval_width,1000,Student-t-Ridge,baseline,39,24643.062721235063,20925.44288411407,-3717.6198371209925,-5.16715783416416e-05,
interval_width,1000,RealTabPFN-2.5,foundation,39,14242.029263788225,12897.955372855282,-1344.0738909329439,-0.5538101176184531,
interval_width,1000,TabICL-Quantiles,foundation,39,15550.826222515489,13771.894865211003,-1778.931357304486,-0.6331673726021432,
interval_width,1000,TabPFN-2.5,foundation,39,14390.674324166937,12966.058452067633,-1424.615872099306,-0.5030563846525252,
interval_width,5000,BART-Hetero,baseline,34,64193.19215982654,27874.438408281756,-36318.75375154479,0.013103845006433749,
interval_width,5000,BART-Homo,baseline,34,77575.5748105332,57739.032921751925,-19836.541888781267,-0.07093728729344556,
interval_width,5000,CatMLP,baseline,34,21678.18970674838,18674.81378136528,-3003.375925383101,-0.6816943253472632,
interval_width,5000,FlexCode-RF,baseline,34,84852.77390297576,23627.824843807197,-61224.94905916857,-47.27705728811084,
interval_width,5000,Flow-Spline,baseline,34,13982.366541691863,15275.117734469664,1292.7511927778016,0.0239739993266479,
interval_width,5000,Gamma-GLM,baseline,34,26283.518189334984,22732.686864058065,-3550.8313252769185,-0.06626064139844653,
interval_width,5000,Gamma-GLM-Ridge,baseline,34,31512.431828253524,33024.05771377615,1511.6258855226276,-0.03341171825775439,
interval_width,5000,LinGauss-Hetero-Ridge,baseline,34,9468.548173272558,12686.14858142365,3217.600408151091,6.040233534930622e-05,
interval_width,5000,LinGauss-Homo-Ridge,baseline,34,30920.163973159662,25671.061078978273,-5249.102894181392,-0.008446522679930735,
interval_width,5000,LinearGauss-Hetero,baseline,34,8941.133485855842,12020.399429060928,3079.265943205084,0.009823642385235,
interval_width,5000,LinearGauss-Homo,baseline,34,30907.994339878795,25691.57342671918,-5216.420913159618,-0.015714688831919947,
interval_width,5000,LogNormal-Hetero,baseline,34,22645.596880621237,22381.45771221444,-264.13916840679815,-0.08349371367861058,
interval_width,5000,LogNormal-Hetero-Ridge,baseline,34,21868.040154118717,21838.291917181676,-29.748236937040456,-0.31625913517564996,
interval_width,5000,LogNormal-Homo,baseline,34,22997.2395854694,23019.319115192353,22.079529722950305,-0.0996631092941477,
interval_width,5000,LogNormal-Homo-Ridge,baseline,34,22968.608911280782,22845.690008841608,-122.91890243916968,-0.093056079060371,
interval_width,5000,MDN,baseline,34,16512.617353591868,16924.200393563293,411.583039971424,-0.004699395522798798,
interval_width,5000,Quantile-Tree,baseline,34,23172.36077580997,18640.270549216337,-4532.09022659363,-0.25198511639282656,
interval_width,5000,Student-t,baseline,34,25410.754663266885,25500.855875158668,90.10121189178304,0.0002554312104999501,
interval_width,5000,Student-t-Ridge,baseline,34,25640.345503874036,25690.063901515252,49.71839764121896,0.00022731507111060277,
interval_width,5000,RealTabPFN-2.5,foundation,34,12862.7529713631,12309.765006707692,-552.9879646554077,-0.04873860879043705,
interval_width,5000,TabICL-Quantiles,foundation,34,13063.49110468787,12424.333537585519,-639.1575671023517,-0.519512003277496,
interval_width,5000,TabPFN-2.5,foundation,34,12701.894909275097,12210.421854681766,-491.4730545933304,-0.05071358719363263,
interval_width,10000,BART-Homo,baseline,25,107956.14070448327,77527.21169366673,-30428.92901081655,-0.1330041083284601,
interval_width,10000,CatMLP,baseline,25,26013.25595692437,22503.81280251636,-3509.443154408008,-2.420617148870619,
interval_width,10000,FlexCode-RF,baseline,25,133810.7454805942,31624.433442940623,-102186.31203765357,-65.65953787283689,
interval_width,10000,Flow-Spline,baseline,25,24398.3319884409,19735.178244448096,-4663.153743992804,-0.0028042646492148693,
interval_width,10000,Gamma-GLM,baseline,25,35955.69337430933,31061.840445398837,-4893.852928910498,-0.4746488142475407,
interval_width,10000,Gamma-GLM-Ridge,baseline,25,42963.52489984733,44413.203493058936,1449.67859321161,-0.060500267559544796,
interval_width,10000,LinGauss-Hetero-Ridge,baseline,25,13253.642370502517,17518.83146563241,4265.189095129892,-0.0001694313637104171,
interval_width,10000,LinGauss-Homo-Ridge,baseline,25,42286.884619712895,34510.451749108324,-7776.432870604573,-0.054832464263037756,
interval_width,10000,LinearGauss-Hetero,baseline,25,12109.380823286117,16463.89482642442,4354.514003138304,0.0,
interval_width,10000,LinearGauss-Homo,baseline,25,42279.09834072472,34528.86252162887,-7750.23581909585,-0.054852391053850175,
interval_width,10000,LogNormal-Hetero,baseline,25,31127.760777218904,30753.911975979474,-373.8488012394314,-0.08203494425715663,
interval_width,10000,LogNormal-Hetero-Ridge,baseline,25,30223.349399744246,30246.920187290823,23.57078754657784,-0.06372932286762989,
interval_width,10000,LogNormal-Homo,baseline,25,30932.596611036388,31007.06149518054,74.46488414415145,-0.10088949013824866,
interval_width,10000,LogNormal-Homo-Ridge,baseline,25,30851.180309082447,31005.236484277164,154.05617519471522,-0.09373287343934056,
interval_width,10000,MDN,baseline,25,22952.608279893146,21849.842757163442,-1102.7655227297046,-1.3022312015192874,
interval_width,10000,Student-t,baseline,25,35241.35384183139,35006.23934889758,-235.11449293381168,0.6160637325943874,
interval_width,10000,Student-t-Ridge,baseline,25,35205.585200671885,34945.65157943016,-259.93362124172694,0.6209300809748104,
interval_width,10000,RealTabPFN-2.5,foundation,25,25489.317350243367,26540.63004937277,1051.3126991294014,-0.4073534674574475,
interval_width,10000,TabICL-Quantiles,foundation,25,17478.60271092869,16397.282250649612,-1081.320460279079,-1.4245418796785039,
interval_width,10000,TabPFN-2.5,foundation,25,33977.599780783086,33206.240947100894,-771.3588336821939,-0.36163743646572044,
interval_width,20000,BART-Homo,baseline,16,103428.36203179116,65833.82390228687,-37594.53812950429,-32.77438521409965,
interval_width,20000,CatMLP,baseline,16,21257.639036287874,19694.829823430773,-1562.8092128571002,-3.156687109397025,
interval_width,20000,FlexCode-RF,baseline,16,81855.46616407388,34914.624970080135,-46940.84119399374,-847.7789540086393,
interval_width,20000,Flow-Spline,baseline,16,17778.75787469187,18304.286125145347,525.5282504534754,0.21838831911892817,
interval_width,20000,Gamma-GLM,baseline,16,32875.15093204864,26081.29641642825,-6793.854515620391,-7.761304972618474,
interval_width,20000,Gamma-GLM-Ridge,baseline,16,41217.01752883321,43339.63173360284,2122.614204769623,-3.0169131398422016,
interval_width,20000,LinGauss-Hetero-Ridge,baseline,16,15846.897708880566,19377.138567816368,3530.2408589358015,-0.3830317170793586,
interval_width,20000,LinGauss-Homo-Ridge,baseline,16,31278.642175785182,28242.578765290775,-3036.063410494406,-1.0991268596297843,
interval_width,20000,LinearGauss-Hetero,baseline,16,14150.357730589729,17923.839508396864,3773.481777807135,-0.22158146002568707,
interval_width,20000,LinearGauss-Homo,baseline,16,31274.89637871548,28229.76224042931,-3045.1341382861683,-1.1087312769415139,
interval_width,20000,LogNormal-Hetero,baseline,16,25006.950496728103,25733.997596948302,727.0471002201986,-1.6060511686263519,
interval_width,20000,LogNormal-Hetero-Ridge,baseline,16,24938.898473484107,25735.667611429773,796.7691379456656,-1.6413177954172475,
interval_width,20000,LogNormal-Homo,baseline,16,25508.333362016994,26393.81257987638,885.4792178593875,-0.9413342186115985,
interval_width,20000,LogNormal-Homo-Ridge,baseline,16,25499.324516007768,26410.954753910846,911.6302379030813,-0.9556110454615743,
interval_width,20000,MDN,baseline,16,19923.25982421915,20206.302026745154,283.0422025260035,-1.3651727902784385,
interval_width,20000,Student-t,baseline,16,25701.770942416657,27427.971002983755,1726.2000605670946,1.2752395605127091,
interval_width,20000,Student-t-Ridge,baseline,16,25693.647720935063,27449.08560945831,1755.4378885232459,1.3743172469440186,
interval_width,20000,RealTabPFN-2.5,foundation,15,16641.121221418118,15808.72230646009,-832.3989149580271,-1.5110704893158982,
interval_width,20000,TabICL-Quantiles,foundation,16,15565.376394991701,14921.162014297803,-644.2143806938992,-2.1720014551571225,
interval_width,20000,TabPFN-2.5,foundation,15,16472.586443616045,15698.478146885733,-774.10829673031,-1.4349245372576718,
log_lik,500,BART-Hetero,baseline,39,-4.367758765558076,-3.9018856369324793,0.46587312862559654,0.34407280429397424,1.0
log_lik,500,BART-Homo,baseline,39,-4.271001216787539,-4.003774311145917,0.2672269056416217,0.12585511029566954,0.8461538461538461
log_lik,500,CatMLP,baseline,39,-3.3587922354048154,-3.340856179408347,0.01793605599646844,-0.009000973364680531,0.46153846153846156
log_lik,500,FlexCode-RF,baseline,39,-3.8507332130193994,-3.6584055288183057,0.192327684201094,0.08806324377098562,0.8717948717948718
log_lik,500,Flow-Spline,baseline,39,-3.3635809143946447,-3.3500959724157666,0.013484941978878182,-0.006789943590646885,0.41025641025641024
log_lik,500,Gamma-GLM,baseline,37,-3.721671907309227,-3.5765310765215665,0.14514083078766063,0.004478076323759517,0.5675675675675675
log_lik,500,Gamma-GLM-Ridge,baseline,39,-3.833202294987086,-3.7587757908626678,0.07442650412441862,0.009051322021664365,0.5897435897435898
log_lik,500,LinGauss-Hetero-Ridge,baseline,39,-5.084448154904051,-5.007600640879137,0.0768475140249139,0.03623498199623665,0.6410256410256411
log_lik,500,LinGauss-Homo-Ridge,baseline,39,-4.039017027161328,-3.9636638170733876,0.07535321008793949,0.007971814275857803,0.5641025641025641
log_lik,500,LinearGauss-Hetero,baseline,37,-4.946788660023363,-4.8784718962103195,0.06831676381304377,0.022266625388107197,0.6486486486486487
log_lik,500,LinearGauss-Homo,baseline,37,-4.0816260884012925,-3.9993672579505604,0.08225883045073172,0.0039668503098241326,0.5135135135135135
log_lik,500,LogNormal-Hetero,baseline,37,-4.009075811134667,-3.970589325563348,0.038486485571318105,-0.01178013963656177,0.4864864864864865
log_lik,500,LogNormal-Hetero-Ridge,baseline,39,-4.323651192740269,-4.279024872434918,0.04462632030535082,0.006052106386423173,0.5128205128205128
log_lik,500,LogNormal-Homo,baseline,37,-3.6377097202686604,-3.5683857260917615,0.06932399417689886,0.01313510875652213,0.5135135135135135
log_lik,500,LogNormal-Homo-Ridge,baseline,39,-3.615555665446324,-3.5550631405226043,0.0604925249237195,0.004572374045958227,0.5641025641025641
log_lik,500,MDN,baseline,39,-3.545861409209101,-3.5386251208933843,0.007236288315716831,-0.003613432438953179,0.4358974358974359
log_lik,500,Quantile-Tree,baseline,39,-3.9200500657224504,-3.9121049723223402,0.007945093400110332,-0.016181042941214807,0.38461538461538464
log_lik,500,Student-t,baseline,37,-3.8827031859444348,-3.852663054076321,0.030040131868114092,0.0043462155335944885,0.5675675675675675
log_lik,500,Student-t-Ridge,baseline,39,-3.4770024459537874,-3.449445012298122,0.027557433655664914,-0.0022922878783342426,0.46153846153846156
log_lik,500,RealTabPFN-2.5,foundation,39,-2.449814046061998,-2.4583556644972,-0.008541618435201737,-0.024177455213397092,0.2564102564102564
log_lik,500,TabICL-Quantiles,foundation,39,-2.718505572689451,-2.725810800778089,-0.007305228088637603,-0.01682950769496383,0.20512820512820512
log_lik,500,TabPFN-2.5,foundation,39,-2.436769778394592,-2.440236419993027,-0.0034666415984356447,-0.018503290210962753,0.358974358974359
log_lik,1000,BART-Hetero,baseline,39,-4.421394986261259,-3.8685165546234908,0.5528784316377681,0.44495747270595665,1.0
log_lik,1000,BART-Homo,baseline,39,-4.735884045759038,-4.406821138164439,0.32906290759459966,0.18363365870347081,0.8974358974358975
log_lik,1000,CatMLP,baseline,39,-3.0969769614995344,-3.0638038400204763,0.03317312147905825,0.010684868116286772,0.6666666666666666
log_lik,1000,FlexCode-RF,baseline,39,-3.616635751372081,-3.3888672451193393,0.22776850625274195,0.1466581437660519,0.9743589743589743
log_lik,1000,Flow-Spline,baseline,39,-3.0004527733778903,-2.9869582329841537,0.013494540393737,0.007350572638181951,0.6410256410256411
log_lik,1000,Gamma-GLM,baseline,39,-3.6401748749048406,-3.502398602216304,0.13777627268853637,0.04032627478627848,0.8205128205128205
log_lik,1000,Gamma-GLM-Ridge,baseline,39,-3.8003345136801796,-3.6848376329753627,0.1154968807048169,0.03825128218487084,0.8205128205128205
log_lik,1000,LinGauss-Hetero-Ridge,baseline,39,-5.076334064491529,-4.96564039025905,0.11069367423247961,0.023306411079651923,0.7435897435897436
log_lik,1000,LinGauss-Homo-Ridge,baseline,39,-4.036641997369466,-3.925279742551609,0.11136225481785665,0.02867653339742704,0.7435897435897436
log_lik,1000,LinearGauss-Hetero,baseline,39,-4.843158308118119,-4.754268798313383,0.0888895098047368,0.03339335040295488,0.7435897435897436
log_lik,1000,LinearGauss-Homo,baseline,39,-4.05819123041129,-3.9425488098239034,0.11564242058738654,0.03046549861275194,0.717948717948718
log_lik,1000,LogNormal-Hetero,baseline,39,-3.9752652250780898,-3.908508548699929,0.06675667637816075,0.03225499630585915,0.717948717948718
log_lik,1000,LogNormal-Hetero-Ridge,baseline,39,-4.4327625428358015,-4.36775183636024,0.06501070647556248,0.03207418542890883,0.717948717948718
log_lik,1000,LogNormal-Homo,baseline,39,-3.5885026507482736,-3.4904467290897547,0.09805592165851905,0.03982867411728419,0.8461538461538461
log_lik,1000,LogNormal-Homo-Ridge,baseline,39,-3.5648692900235996,-3.472121244726727,0.09274804529687304,0.04180705748444028,0.8205128205128205
log_lik,1000,MDN,baseline,39,-3.236797385532072,-3.2319154561507366,0.004881929381335213,0.0015128416416185786,0.5641025641025641
log_lik,1000,Quantile-Tree,baseline,39,-3.557266121509425,-3.537134065747794,0.020132055761630574,-0.003616887602051033,0.38461538461538464
log_lik,1000,Student-t,baseline,39,-3.827370432065737,-3.7917459758495533,0.035624456216183584,0.0041395500677392505,0.5897435897435898
log_lik,1000,Student-t-Ridge,baseline,39,-3.439139069381731,-3.3959303799201144,0.043208689461616476,0.018509019615667643,0.6923076923076923
log_lik,1000,RealTabPFN-2.5,foundation,39,-2.2764397222337904,-2.2716500288953956,0.004789693338394976,-0.004954718308319173,0.28205128205128205
log_lik,1000,TabICL-Quantiles,foundation,39,-2.506816449243681,-2.487053392875284,0.019763056368397126,-0.003891882022230231,0.4358974358974359
log_lik,1000,TabPFN-2.5,foundation,39,-2.2800781895836613,-2.2753545587262587,0.004723630857402843,-0.006996276855359973,0.3076923076923077
log_lik,5000,BART-Hetero,baseline,34,-4.2176556067494495,-3.6357960257228736,0.5818595810265752,0.3363526388221353,1.0
log_lik,5000,BART-Homo,baseline,34,-4.576013088629907,-4.214859734880462,0.36115335374944435,0.24046227780169627,0.9705882352941176
log_lik,5000,CatMLP,baseline,34,-2.649056587177419,-2.60532128405653,0.043735303120889316,0.0074574238360721745,0.6470588235294118
log_lik,5000,FlexCode-RF,baseline,34,-3.297044220280564,-2.9878930070673624,0.30915121321320127,0.21110218005422032,1.0
log_lik,5000,Flow-Spline,baseline,34,-2.5700849212675503,-2.54506332619112,0.025021595076430186,0.008369924458005995,0.7352941176470589
log_lik,5000,Gamma-GLM,baseline,34,-3.6356454066006756,-3.4088691383721654,0.22677626822851002,0.07245422574902016,0.8823529411764706
log_lik,5000,Gamma-GLM-Ridge,baseline,34,-3.8476043719578827,-3.6495302012901947,0.19807417066768856,0.07797843157557893,0.9705882352941176
log_lik,5000,LinGauss-Hetero-Ridge,baseline,34,-5.368672874135871,-5.211377420550521,0.15729545358535,0.058750137411315295,0.9117647058823529
log_lik,5000,LinGauss-Homo-Ridge,baseline,34,-4.196374765570664,-4.061518150578024,0.1348566149926402,0.06758693000211169,0.8823529411764706
log_lik,5000,LinearGauss-Hetero,baseline,34,-4.363624430989141,-4.255978749836281,0.10764568115286029,0.051551676825569936,0.9411764705882353
log_lik,5000,LinearGauss-Homo,baseline,34,-4.203787110743048,-4.0622160415850175,0.14157106915803067,0.06546954818592121,0.8823529411764706
log_lik,5000,LogNormal-Hetero,baseline,34,-3.3892177587303487,-3.2937806705227164,0.09543708820763228,0.046751850499104686,0.8529411764705882
log_lik,5000,LogNormal-Hetero-Ridge,baseline,34,-3.4628863863636203,-3.2777182088090218,0.185168177554599,0.04612641516557803,0.8823529411764706
log_lik,5000,LogNormal-Homo,baseline,34,-3.584678788253747,-3.435529590634611,0.14914919761913625,0.06796735217365701,0.9411764705882353
log_lik,5000,LogNormal-Homo-Ridge,baseline,34,-3.568904276537997,-3.429992076369082,0.13891220016891484,0.06452763154006136,0.9117647058823529
log_lik,5000,MDN,baseline,34,-2.684119718976341,-2.687495845532573,-0.0033761265562319972,-0.003945037024285725,0.38235294117647056
log_lik,5000,Quantile-Tree,baseline,34,-3.0604998635495173,-3.019402400229595,0.041097463319921944,0.003456917670892068,0.5294117647058824
log_lik,5000,Student-t,baseline,34,-3.866315716781051,-3.8532187116819916,0.01309700509905922,0.04147997747416854,0.7941176470588235
log_lik,5000,Student-t-Ridge,baseline,34,-3.4453071919784075,-3.429048046427865,0.01625914555054255,0.04353623881034174,0.8235294117647058
log_lik,5000,RealTabPFN-2.5,foundation,34,-2.075885461033379,-2.0539710271130915,0.02191443392028756,-0.0034856991123541903,0.38235294117647056
log_lik,5000,TabICL-Quantiles,foundation,34,-2.2531670164836872,-2.2158921236215283,0.03727489286215896,0.003181783812422845,0.5882352941176471
log_lik,5000,TabPFN-2.5,foundation,34,-2.070836681563783,-2.0514393111119618,0.01939737045182116,-0.003573341897040616,0.35294117647058826
log_lik,10000,BART-Homo,baseline,25,-5.2747177292967695,-4.816258982938969,0.45845874635780154,0.4138435879494189,1.0
log_lik,10000,CatMLP,baseline,25,-3.7371983680155005,-3.6581192601640034,0.07907910785149717,0.017545806306873857,0.8
log_lik,10000,FlexCode-RF,baseline,25,-4.47091927061394,-4.112585123701124,0.35833414691281534,0.2297661806077418,1.0
log_lik,10000,Flow-Spline,baseline,25,-3.6934284153664674,-3.6486628123235083,0.04476560304295939,0.004842660511864771,0.76
log_lik,10000,Gamma-GLM,baseline,25,-4.629316995314272,-4.378134615434174,0.25118237988009795,0.06831367427051482,0.96
log_lik,10000,Gamma-GLM-Ridge,baseline,25,-4.8014646622218775,-4.653940115246579,0.14752454697529782,0.06524272630165218,0.92
log_lik,10000,LinGauss-Hetero-Ridge,baseline,25,-6.150803926188662,-5.936725828123017,0.21407809806564565,0.08902562845754858,0.92
log_lik,10000,LinGauss-Homo-Ridge,baseline,25,-5.136657402711883,-4.984894191155423,0.15176321155646022,0.08620835392755133,0.92
log_lik,10000,LinearGauss-Hetero,baseline,25,-5.785012394681409,-5.648460484985507,0.13655190969590383,0.07382252112181487,0.92
log_lik,10000,LinearGauss-Homo,baseline,25,-5.136602074445254,-4.985603367695955,0.15099870674929872,0.0836734308074405,0.92
log_lik,10000,LogNormal-Hetero,baseline,25,-4.35602285940166,-4.2633933927825876,0.09262946661907284,0.03005462803150749,0.84
log_lik,10000,LogNormal-Hetero-Ridge,baseline,25,-4.359613476242917,-4.266901662920461,0.09271181332245688,0.03086329745871197,0.84
log_lik,10000,LogNormal-Homo,baseline,25,-4.458246455211948,-4.376908257076455,0.08133819813549366,0.0552080394839507,1.0
log_lik,10000,LogNormal-Homo-Ridge,baseline,25,-4.460594789604118,-4.379835068984771,0.08075972061934694,0.05490075641243841,0.96
log_lik,10000,MDN,baseline,25,-3.778924621720833,-3.7746173334696933,0.00430728825113992,0.0012746340857368033,0.6
log_lik,10000,Student-t,baseline,25,-4.529517999474923,-4.497320493121183,0.03219750635373905,0.04932734831763863,0.84
log_lik,10000,Student-t-Ridge,baseline,25,-4.529466145858649,-4.4967765539784805,0.03268959188016876,0.048966320326265356,0.84
log_lik,10000,RealTabPFN-2.5,foundation,25,-3.4570055032507834,-3.4216663616344207,0.03533914161636218,-0.0015619784533751346,0.44
log_lik,10000,TabICL-Quantiles,foundation,25,-3.398704413015996,-3.356697903412264,0.04200650960373197,0.005513367311291262,0.64
log_lik,10000,TabPFN-2.5,foundation,25,-3.4640581370498285,-3.4342195079875975,0.02983862906223124,-0.002098256492702788,0.4
log_lik,20000,BART-Homo,baseline,16,-7.433914385483679,-6.946001077112501,0.48791330837117797,0.5137132289534474,1.0
log_lik,20000,CatMLP,baseline,16,-5.286591391153186,-5.2248564757370435,0.06173491541614271,0.007936303437866998,0.8125
log_lik,20000,FlexCode-RF,baseline,16,-6.050714186177715,-5.755477508565198,0.2952366776125167,0.15965727651260364,1.0
log_lik,20000,Flow-Spline,baseline,16,-5.08508813577226,-5.079008930422636,0.006079205349623758,0.004015777818176858,0.75
log_lik,20000,Gamma-GLM,baseline,16,-6.198937072021181,-5.942726088995605,0.256210983025576,0.07706168943852676,0.9375
log_lik,20000,Gamma-GLM-Ridge,baseline,16,-6.429042760033326,-6.279765560383655,0.14927719964967145,0.09855459908343123,1.0
log_lik,20000,LinGauss-Hetero-Ridge,baseline,16,-7.324754421874261,-7.104958590092643,0.21979583178161816,0.11378197263752043,0.9375
log_lik,20000,LinGauss-Homo-Ridge,baseline,16,-6.115026968135831,-5.979734517900097,0.13529245023573455,0.08642266611327276,0.9375
log_lik,20000,LinearGauss-Hetero,baseline,16,-6.939336990683283,-6.826829076183195,0.11250791450008751,0.09360973990604649,0.9375
log_lik,20000,LinearGauss-Homo,baseline,16,-6.114770186637829,-5.979197046974164,0.13557313966366535,0.08606313265142518,0.9375
log_lik,20000,LogNormal-Hetero,baseline,16,-5.904144022890563,-5.846621319911709,0.05752270297885256,0.03321081128176662,0.9375
log_lik,20000,LogNormal-Hetero-Ridge,baseline,16,-5.905352606136762,-5.847553425616903,0.05779918051985895,0.0336752711853352,0.9375
log_lik,20000,LogNormal-Homo,baseline,16,-6.0424299524003855,-5.949698327186903,0.09273162521348247,0.06873280738567589,0.9375
log_lik,20000,LogNormal-Homo-Ridge,baseline,16,-6.0454926806757285,-5.953742167583468,0.09175051309226007,0.06876067504858369,0.9375
log_lik,20000,MDN,baseline,16,-5.260860870127848,-5.259452317036056,0.0014085530917931216,0.0015711380184562085,0.75
log_lik,20000,Student-t,baseline,16,-6.047050644802053,-5.975842414655216,0.07120823014683693,0.06716723475441366,1.0
log_lik,20000,Student-t-Ridge,baseline,16,-6.04769766729154,-5.975927514746679,0.07177015254486115,0.06766460949249797,1.0
log_lik,20000,RealTabPFN-2.5,foundation,15,-5.19877206809539,-5.171297695689509,0.027474372405880486,0.0013829294135727643,0.6
log_lik,20000,TabICL-Quantiles,foundation,16,-5.017478529420567,-4.985375705843276,0.03210282357729044,0.006313379267845143,0.6875
log_lik,20000,TabPFN-2.5,foundation,15,-5.182232218558349,-5.1596387809439035,0.022593437614445277,-0.001092864874509436,0.4666666666666667
